# TOBIAS 0.17.3 BINDetect (run started 2026-05-10 12:56:21.008694)
# Working directory: /projects/svankamamidi@xsede.org/Project_Tbet_ATACseq/2_TOBIAS_scripts
# Command line call: TOBIAS BINDetect --motifs /pl/active/getahun_lab/atacseq_refdata/JASPAR2022_CORE_vertebrates_non-redundant_pfms_meme/JASPAR2022_CORE_vertebrates.meme --signals /pl/active/getahun_lab/Project_tbet_ATACseq/TOBIAS/FootprintScores_Output/L_KO.merged_footprints.bw /pl/active/getahun_lab/Project_tbet_ATACseq/TOBIAS/FootprintScores_Output/L_WT.merged_footprints.bw --genome /pl/active/getahun_lab/atacseq_refdata/genomes/mm10_primary/mm10.fa --peaks /pl/active/getahun_lab/Project_tbet_ATACseq/consensus_peaks/ALL8_union_peaks.bed --outdir /pl/active/getahun_lab/Project_tbet_ATACseq/TOBIAS/BINDetect/L_KO_vs_WT --cond_names KO WT --cores 18

# ----- Input parameters -----
# signals:	['/pl/active/getahun_lab/Project_tbet_ATACseq/TOBIAS/FootprintScores_Output/L_KO.merged_footprints.bw', '/pl/active/getahun_lab/Project_tbet_ATACseq/TOBIAS/FootprintScores_Output/L_WT.merged_footprints.bw']
# peaks:	/pl/active/getahun_lab/Project_tbet_ATACseq/consensus_peaks/ALL8_union_peaks.bed
# motifs:	['/pl/active/getahun_lab/atacseq_refdata/JASPAR2022_CORE_vertebrates_non-redundant_pfms_meme/JASPAR2022_CORE_vertebrates.meme']
# genome:	/pl/active/getahun_lab/atacseq_refdata/genomes/mm10_primary/mm10.fa
# cond_names:	['KO', 'WT']
# peak_header:	None
# naming:	name_id
# motif_pvalue:	0.0001
# bound_pvalue:	0.001
# cluster_threshold:	0.5
# pseudo:	None
# time_series:	False
# skip_excel:	False
# output_peaks:	None
# norm_off:	False
# prefix:	bindetect
# outdir:	/pl/active/getahun_lab/Project_tbet_ATACseq/TOBIAS/BINDetect/L_KO_vs_WT
# cores:	18
# split:	100
# debug:	False
# verbosity:	3


# ----- Output files -----
# /pl/active/getahun_lab/Project_tbet_ATACseq/TOBIAS/BINDetect/L_KO_vs_WT/*/beds/*_KO_bound.bed
# /pl/active/getahun_lab/Project_tbet_ATACseq/TOBIAS/BINDetect/L_KO_vs_WT/*/beds/*_KO_unbound.bed
# /pl/active/getahun_lab/Project_tbet_ATACseq/TOBIAS/BINDetect/L_KO_vs_WT/*/beds/*_WT_bound.bed
# /pl/active/getahun_lab/Project_tbet_ATACseq/TOBIAS/BINDetect/L_KO_vs_WT/*/beds/*_WT_unbound.bed
# /pl/active/getahun_lab/Project_tbet_ATACseq/TOBIAS/BINDetect/L_KO_vs_WT/*/beds/*_all.bed
# /pl/active/getahun_lab/Project_tbet_ATACseq/TOBIAS/BINDetect/L_KO_vs_WT/*/plots/*_log2fcs.pdf
# /pl/active/getahun_lab/Project_tbet_ATACseq/TOBIAS/BINDetect/L_KO_vs_WT/*/*_overview.txt
# /pl/active/getahun_lab/Project_tbet_ATACseq/TOBIAS/BINDetect/L_KO_vs_WT/*/*_overview.xlsx
# /pl/active/getahun_lab/Project_tbet_ATACseq/TOBIAS/BINDetect/L_KO_vs_WT/bindetect_distances.txt
# /pl/active/getahun_lab/Project_tbet_ATACseq/TOBIAS/BINDetect/L_KO_vs_WT/bindetect_results.txt
# /pl/active/getahun_lab/Project_tbet_ATACseq/TOBIAS/BINDetect/L_KO_vs_WT/bindetect_results.xlsx
# /pl/active/getahun_lab/Project_tbet_ATACseq/TOBIAS/BINDetect/L_KO_vs_WT/bindetect_figures.pdf


2026-05-10 12:56:21 (2641563) [INFO]	----- Processing input data -----
2026-05-10 12:56:21 (2641563) [INFO]	Checking reading/writing of files
2026-05-10 12:56:21 (2641563) [INFO]	Reading peaks
2026-05-10 12:56:22 (2641563) [INFO]	- Found 168221 regions in input peaks
2026-05-10 12:56:22 (2641563) [INFO]	- Merged to 168221 regions
2026-05-10 12:56:22 (2641563) [INFO]	Checking for match between --peaks and --fasta/--signals boundaries
2026-05-10 12:56:22 (2641563) [INFO]	- Comparing peaks to /pl/active/getahun_lab/atacseq_refdata/genomes/mm10_primary/mm10.fa
2026-05-10 12:56:22 (2641563) [INFO]	- Comparing peaks to /pl/active/getahun_lab/Project_tbet_ATACseq/TOBIAS/FootprintScores_Output/L_KO.merged_footprints.bw
2026-05-10 12:56:22 (2641563) [INFO]	- Comparing peaks to /pl/active/getahun_lab/Project_tbet_ATACseq/TOBIAS/FootprintScores_Output/L_WT.merged_footprints.bw
2026-05-10 12:56:22 (2641563) [INFO]	Estimating GC content from peak sequences
2026-05-10 12:56:24 (2641563) [INFO]	- GC content estimated at 47.34%
2026-05-10 12:56:24 (2641563) [INFO]	Reading motifs from file
2026-05-10 12:56:24 (2641563) [INFO]	- Read 842 motifs
2026-05-10 12:56:24 (2641563) [WARNING]	The motif output names (as given by --naming) are not unique.
2026-05-10 12:56:24 (2641563) [WARNING]	The following names occur more than once: ['MA0002.2.RUNX1_MA0002.2']
2026-05-10 12:56:24 (2641563) [WARNING]	These motifs will be renamed with '_1', '_2' etc. To prevent this renaming, please make the names of the input --motifs unique
2026-05-10 12:56:24 (2641563) [INFO]	Creating folder structure for each TF
2026-05-10 12:56:26 (2641563) [INFO]	Plotting sequence logos for each motif
2026-05-10 12:56:26 (2641563) [INFO]	Progress 0%
2026-05-10 12:56:27 (2641563) [INFO]	Progress 2.02%
2026-05-10 12:56:27 (2641563) [INFO]	Progress 2.38%
2026-05-10 12:56:27 (2641563) [INFO]	Progress 3.44%
2026-05-10 12:56:28 (2641563) [INFO]	Progress 3.92%
2026-05-10 12:56:28 (2641563) [INFO]	Progress 4.39%
2026-05-10 12:56:28 (2641563) [INFO]	Progress 5.11%
2026-05-10 12:56:28 (2641563) [INFO]	Progress 5.7%
2026-05-10 12:56:28 (2641563) [INFO]	Progress 6.41%
2026-05-10 12:56:28 (2641563) [INFO]	Progress 6.77%
2026-05-10 12:56:28 (2641563) [INFO]	Progress 7.6%
2026-05-10 12:56:28 (2641563) [INFO]	Progress 8.55%
2026-05-10 12:56:28 (2641563) [INFO]	Progress 8.67%
2026-05-10 12:56:28 (2641563) [INFO]	Progress 9.26%
2026-05-10 12:56:29 (2641563) [INFO]	Progress 10.1%
2026-05-10 12:56:29 (2641563) [INFO]	Progress 10.93%
2026-05-10 12:56:29 (2641563) [INFO]	Progress 11.28%
2026-05-10 12:56:29 (2641563) [INFO]	Progress 11.76%
2026-05-10 12:56:29 (2641563) [INFO]	Progress 12.47%
2026-05-10 12:56:29 (2641563) [INFO]	Progress 12.95%
2026-05-10 12:56:29 (2641563) [INFO]	Progress 13.54%
2026-05-10 12:56:29 (2641563) [INFO]	Progress 14.13%
2026-05-10 12:56:29 (2641563) [INFO]	Progress 14.61%
2026-05-10 12:56:29 (2641563) [INFO]	Progress 15.2%
2026-05-10 12:56:30 (2641563) [INFO]	Progress 15.8%
2026-05-10 12:56:30 (2641563) [INFO]	Progress 16.39%
2026-05-10 12:56:30 (2641563) [INFO]	Progress 17.22%
2026-05-10 12:56:30 (2641563) [INFO]	Progress 17.93%
2026-05-10 12:56:30 (2641563) [INFO]	Progress 18.53%
2026-05-10 12:56:30 (2641563) [INFO]	Progress 18.76%
2026-05-10 12:56:30 (2641563) [INFO]	Progress 19.6%
2026-05-10 12:56:30 (2641563) [INFO]	Progress 20.19%
2026-05-10 12:56:30 (2641563) [INFO]	Progress 20.55%
2026-05-10 12:56:30 (2641563) [INFO]	Progress 21.38%
2026-05-10 12:56:31 (2641563) [INFO]	Progress 21.97%
2026-05-10 12:56:31 (2641563) [INFO]	Progress 22.45%
2026-05-10 12:56:31 (2641563) [INFO]	Progress 23.4%
2026-05-10 12:56:31 (2641563) [INFO]	Progress 23.99%
2026-05-10 12:56:31 (2641563) [INFO]	Progress 24.7%
2026-05-10 12:56:31 (2641563) [INFO]	Progress 24.82%
2026-05-10 12:56:31 (2641563) [INFO]	Progress 25.42%
2026-05-10 12:56:31 (2641563) [INFO]	Progress 26.01%
2026-05-10 12:56:31 (2641563) [INFO]	Progress 26.96%
2026-05-10 12:56:31 (2641563) [INFO]	Progress 27.55%
2026-05-10 12:56:31 (2641563) [INFO]	Progress 28.15%
2026-05-10 12:56:32 (2641563) [INFO]	Progress 28.98%
2026-05-10 12:56:32 (2641563) [INFO]	Progress 29.57%
2026-05-10 12:56:32 (2641563) [INFO]	Progress 30.17%
2026-05-10 12:56:32 (2641563) [INFO]	Progress 31.12%
2026-05-10 12:56:32 (2641563) [INFO]	Progress 31.83%
2026-05-10 12:56:32 (2641563) [INFO]	Progress 32.66%
2026-05-10 12:56:32 (2641563) [INFO]	Progress 32.9%
2026-05-10 12:56:32 (2641563) [INFO]	Progress 33.73%
2026-05-10 12:56:32 (2641563) [INFO]	Progress 34.68%
2026-05-10 12:56:32 (2641563) [INFO]	Progress 35.04%
2026-05-10 12:56:33 (2641563) [INFO]	Progress 35.87%
2026-05-10 12:56:33 (2641563) [INFO]	Progress 36.58%
2026-05-10 12:56:33 (2641563) [INFO]	Progress 37.17%
2026-05-10 12:56:33 (2641563) [INFO]	Progress 38.0%
2026-05-10 12:56:33 (2641563) [INFO]	Progress 38.48%
2026-05-10 12:56:33 (2641563) [INFO]	Progress 38.72%
2026-05-10 12:56:33 (2641563) [INFO]	Progress 39.31%
2026-05-10 12:56:33 (2641563) [INFO]	Progress 40.26%
2026-05-10 12:56:33 (2641563) [INFO]	Progress 40.5%
2026-05-10 12:56:33 (2641563) [INFO]	Progress 41.33%
2026-05-10 12:56:34 (2641563) [INFO]	Progress 42.04%
2026-05-10 12:56:34 (2641563) [INFO]	Progress 42.64%
2026-05-10 12:56:34 (2641563) [INFO]	Progress 43.59%
2026-05-10 12:56:34 (2641563) [INFO]	Progress 44.18%
2026-05-10 12:56:34 (2641563) [INFO]	Progress 44.54%
2026-05-10 12:56:34 (2641563) [INFO]	Progress 45.13%
2026-05-10 12:56:34 (2641563) [INFO]	Progress 46.08%
2026-05-10 12:56:34 (2641563) [INFO]	Progress 46.44%
2026-05-10 12:56:34 (2641563) [INFO]	Progress 47.27%
2026-05-10 12:56:34 (2641563) [INFO]	Progress 48.1%
2026-05-10 12:56:35 (2641563) [INFO]	Progress 48.34%
2026-05-10 12:56:35 (2641563) [INFO]	Progress 49.29%
2026-05-10 12:56:35 (2641563) [INFO]	Progress 50.12%
2026-05-10 12:56:35 (2641563) [INFO]	Progress 50.48%
2026-05-10 12:56:35 (2641563) [INFO]	Progress 51.19%
2026-05-10 12:56:35 (2641563) [INFO]	Progress 52.14%
2026-05-10 12:56:35 (2641563) [INFO]	Progress 52.73%
2026-05-10 12:56:35 (2641563) [INFO]	Progress 53.21%
2026-05-10 12:56:35 (2641563) [INFO]	Progress 53.68%
2026-05-10 12:56:35 (2641563) [INFO]	Progress 54.16%
2026-05-10 12:56:36 (2641563) [INFO]	Progress 54.87%
2026-05-10 12:56:36 (2641563) [INFO]	Progress 55.58%
2026-05-10 12:56:36 (2641563) [INFO]	Progress 56.77%
2026-05-10 12:56:36 (2641563) [INFO]	Progress 57.01%
2026-05-10 12:56:36 (2641563) [INFO]	Progress 57.96%
2026-05-10 12:56:36 (2641563) [INFO]	Progress 58.43%
2026-05-10 12:56:36 (2641563) [INFO]	Progress 58.79%
2026-05-10 12:56:36 (2641563) [INFO]	Progress 59.26%
2026-05-10 12:56:36 (2641563) [INFO]	Progress 60.45%
2026-05-10 12:56:36 (2641563) [INFO]	Progress 60.81%
2026-05-10 12:56:37 (2641563) [INFO]	Progress 61.28%
2026-05-10 12:56:37 (2641563) [INFO]	Progress 62.11%
2026-05-10 12:56:37 (2641563) [INFO]	Progress 62.71%
2026-05-10 12:56:37 (2641563) [INFO]	Progress 63.3%
2026-05-10 12:56:37 (2641563) [INFO]	Progress 64.01%
2026-05-10 12:56:37 (2641563) [INFO]	Progress 64.85%
2026-05-10 12:56:37 (2641563) [INFO]	Progress 65.32%
2026-05-10 12:56:37 (2641563) [INFO]	Progress 66.15%
2026-05-10 12:56:37 (2641563) [INFO]	Progress 66.39%
2026-05-10 12:56:37 (2641563) [INFO]	Progress 67.1%
2026-05-10 12:56:38 (2641563) [INFO]	Progress 67.7%
2026-05-10 12:56:38 (2641563) [INFO]	Progress 68.41%
2026-05-10 12:56:38 (2641563) [INFO]	Progress 69.0%
2026-05-10 12:56:38 (2641563) [INFO]	Progress 69.83%
2026-05-10 12:56:38 (2641563) [INFO]	Progress 70.31%
2026-05-10 12:56:38 (2641563) [INFO]	Progress 71.26%
2026-05-10 12:56:38 (2641563) [INFO]	Progress 72.21%
2026-05-10 12:56:38 (2641563) [INFO]	Progress 72.68%
2026-05-10 12:56:38 (2641563) [INFO]	Progress 73.52%
2026-05-10 12:56:38 (2641563) [INFO]	Progress 73.99%
2026-05-10 12:56:39 (2641563) [INFO]	Progress 74.47%
2026-05-10 12:56:39 (2641563) [INFO]	Progress 75.18%
2026-05-10 12:56:39 (2641563) [INFO]	Progress 75.53%
2026-05-10 12:56:39 (2641563) [INFO]	Progress 76.25%
2026-05-10 12:56:39 (2641563) [INFO]	Progress 76.96%
2026-05-10 12:56:39 (2641563) [INFO]	Progress 77.55%
2026-05-10 12:56:39 (2641563) [INFO]	Progress 78.62%
2026-05-10 12:56:39 (2641563) [INFO]	Progress 78.98%
2026-05-10 12:56:39 (2641563) [INFO]	Progress 79.69%
2026-05-10 12:56:40 (2641563) [INFO]	Progress 80.17%
2026-05-10 12:56:40 (2641563) [INFO]	Progress 80.52%
2026-05-10 12:56:40 (2641563) [INFO]	Progress 81.24%
2026-05-10 12:56:40 (2641563) [INFO]	Progress 81.35%
2026-05-10 12:56:40 (2641563) [INFO]	Progress 81.71%
2026-05-10 12:56:40 (2641563) [INFO]	Progress 82.78%
2026-05-10 12:56:40 (2641563) [INFO]	Progress 82.9%
2026-05-10 12:56:40 (2641563) [INFO]	Progress 83.14%
2026-05-10 12:56:40 (2641563) [INFO]	Progress 83.49%
2026-05-10 12:56:40 (2641563) [INFO]	Progress 83.61%
2026-05-10 12:56:40 (2641563) [INFO]	Progress 84.44%
2026-05-10 12:56:40 (2641563) [INFO]	Progress 85.15%
2026-05-10 12:56:41 (2641563) [INFO]	Progress 85.39%
2026-05-10 12:56:41 (2641563) [INFO]	Progress 86.1%
2026-05-10 12:56:41 (2641563) [INFO]	Progress 86.82%
2026-05-10 12:56:41 (2641563) [INFO]	Progress 87.41%
2026-05-10 12:56:41 (2641563) [INFO]	Progress 87.89%
2026-05-10 12:56:41 (2641563) [INFO]	Progress 88.48%
2026-05-10 12:56:41 (2641563) [INFO]	Progress 88.84%
2026-05-10 12:56:41 (2641563) [INFO]	Progress 89.19%
2026-05-10 12:56:41 (2641563) [INFO]	Progress 89.9%
2026-05-10 12:56:41 (2641563) [INFO]	Progress 90.5%
2026-05-10 12:56:42 (2641563) [INFO]	Progress 91.09%
2026-05-10 12:56:42 (2641563) [INFO]	Progress 91.21%
2026-05-10 12:56:42 (2641563) [INFO]	Progress 91.92%
2026-05-10 12:56:42 (2641563) [INFO]	Progress 92.4%
2026-05-10 12:56:42 (2641563) [INFO]	Progress 92.87%
2026-05-10 12:56:42 (2641563) [INFO]	Progress 93.23%
2026-05-10 12:56:42 (2641563) [INFO]	Progress 94.06%
2026-05-10 12:56:42 (2641563) [INFO]	Progress 94.66%
2026-05-10 12:56:42 (2641563) [INFO]	Progress 95.13%
2026-05-10 12:56:42 (2641563) [INFO]	Progress 95.61%
2026-05-10 12:56:43 (2641563) [INFO]	Progress 96.2%
2026-05-10 12:56:43 (2641563) [INFO]	Progress 96.67%
2026-05-10 12:56:43 (2641563) [INFO]	Progress 97.03%
2026-05-10 12:56:43 (2641563) [INFO]	Progress 97.74%
2026-05-10 12:56:43 (2641563) [INFO]	Progress 98.1%
2026-05-10 12:56:43 (2641563) [INFO]	Progress 99.17%
2026-05-10 12:56:43 (2641563) [INFO]	Progress 99.64%
2026-05-10 12:56:43 (2641563) [INFO]	Progress 100.0%
2026-05-10 12:56:43 (2641563) [INFO]	Progress done!


2026-05-10 12:56:44 (2641563) [INFO]	Scanning for motifs and matching to signals...
2026-05-10 12:56:44 (2641563) [INFO]	Progress 0%
2026-05-10 12:57:10 (2641563) [INFO]	Progress 1.0%
2026-05-10 12:57:12 (2641563) [INFO]	Progress 2.0%
2026-05-10 12:57:13 (2641563) [INFO]	Progress 3.0%
2026-05-10 12:57:14 (2641563) [INFO]	Progress 4.0%
2026-05-10 12:57:14 (2641563) [INFO]	Progress 5.0%
2026-05-10 12:57:15 (2641563) [INFO]	Progress 6.0%
2026-05-10 12:57:15 (2641563) [INFO]	Progress 7.0%
2026-05-10 12:57:16 (2641563) [INFO]	Progress 8.0%
2026-05-10 12:57:17 (2641563) [INFO]	Progress 9.0%
2026-05-10 12:57:17 (2641563) [INFO]	Progress 10.0%
2026-05-10 12:57:17 (2641563) [INFO]	Progress 11.0%
2026-05-10 12:57:17 (2641563) [INFO]	Progress 12.0%
2026-05-10 12:57:18 (2641563) [INFO]	Progress 13.0%
2026-05-10 12:57:18 (2641563) [INFO]	Progress 14.0%
2026-05-10 12:57:19 (2641563) [INFO]	Progress 15.0%
2026-05-10 12:57:19 (2641563) [INFO]	Progress 16.0%
2026-05-10 12:57:26 (2641563) [INFO]	Progress 17.0%
2026-05-10 12:57:42 (2641563) [INFO]	Progress 18.0%
2026-05-10 12:57:43 (2641563) [INFO]	Progress 19.0%
2026-05-10 12:57:44 (2641563) [INFO]	Progress 20.0%
2026-05-10 12:57:44 (2641563) [INFO]	Progress 21.0%
2026-05-10 12:57:47 (2641563) [INFO]	Progress 22.0%
2026-05-10 12:57:47 (2641563) [INFO]	Progress 23.0%
2026-05-10 12:57:47 (2641563) [INFO]	Progress 24.0%
2026-05-10 12:57:47 (2641563) [INFO]	Progress 25.0%
2026-05-10 12:57:48 (2641563) [INFO]	Progress 26.0%
2026-05-10 12:57:48 (2641563) [INFO]	Progress 27.0%
2026-05-10 12:57:49 (2641563) [INFO]	Progress 28.0%
2026-05-10 12:57:50 (2641563) [INFO]	Progress 29.0%
2026-05-10 12:57:50 (2641563) [INFO]	Progress 30.0%
2026-05-10 12:57:51 (2641563) [INFO]	Progress 31.0%
2026-05-10 12:57:51 (2641563) [INFO]	Progress 32.0%
2026-05-10 12:57:52 (2641563) [INFO]	Progress 33.0%
2026-05-10 12:57:57 (2641563) [INFO]	Progress 34.0%
2026-05-10 12:58:15 (2641563) [INFO]	Progress 35.0%
2026-05-10 12:58:15 (2641563) [INFO]	Progress 36.0%
2026-05-10 12:58:16 (2641563) [INFO]	Progress 37.0%
2026-05-10 12:58:17 (2641563) [INFO]	Progress 38.0%
2026-05-10 12:58:19 (2641563) [INFO]	Progress 39.0%
2026-05-10 12:58:19 (2641563) [INFO]	Progress 40.0%
2026-05-10 12:58:19 (2641563) [INFO]	Progress 41.0%
2026-05-10 12:58:19 (2641563) [INFO]	Progress 42.0%
2026-05-10 12:58:20 (2641563) [INFO]	Progress 43.0%
2026-05-10 12:58:20 (2641563) [INFO]	Progress 44.0%
2026-05-10 12:58:22 (2641563) [INFO]	Progress 45.0%
2026-05-10 12:58:22 (2641563) [INFO]	Progress 46.0%
2026-05-10 12:58:22 (2641563) [INFO]	Progress 47.0%
2026-05-10 12:58:23 (2641563) [INFO]	Progress 48.0%
2026-05-10 12:58:29 (2641563) [INFO]	Progress 49.0%
2026-05-10 12:58:30 (2641563) [INFO]	Progress 50.0%
2026-05-10 12:58:31 (2641563) [INFO]	Progress 51.0%
2026-05-10 12:58:46 (2641563) [INFO]	Progress 52.0%
2026-05-10 12:58:46 (2641563) [INFO]	Progress 53.0%
2026-05-10 12:58:49 (2641563) [INFO]	Progress 54.0%
2026-05-10 12:58:49 (2641563) [INFO]	Progress 55.0%
2026-05-10 12:58:49 (2641563) [INFO]	Progress 56.0%
2026-05-10 12:58:49 (2641563) [INFO]	Progress 57.0%
2026-05-10 12:58:50 (2641563) [INFO]	Progress 58.0%
2026-05-10 12:58:50 (2641563) [INFO]	Progress 59.0%
2026-05-10 12:58:50 (2641563) [INFO]	Progress 60.0%
2026-05-10 12:58:53 (2641563) [INFO]	Progress 61.0%
2026-05-10 12:58:54 (2641563) [INFO]	Progress 62.0%
2026-05-10 12:58:59 (2641563) [INFO]	Progress 63.0%
2026-05-10 12:58:59 (2641563) [INFO]	Progress 64.0%
2026-05-10 12:58:59 (2641563) [INFO]	Progress 65.0%
2026-05-10 12:59:00 (2641563) [INFO]	Progress 66.0%
2026-05-10 12:59:01 (2641563) [INFO]	Progress 67.0%
2026-05-10 12:59:05 (2641563) [INFO]	Progress 68.0%
2026-05-10 12:59:16 (2641563) [INFO]	Progress 69.0%
2026-05-10 12:59:17 (2641563) [INFO]	Progress 70.0%
2026-05-10 12:59:19 (2641563) [INFO]	Progress 71.0%
2026-05-10 12:59:20 (2641563) [INFO]	Progress 72.0%
2026-05-10 12:59:21 (2641563) [INFO]	Progress 73.0%
2026-05-10 12:59:21 (2641563) [INFO]	Progress 74.0%
2026-05-10 12:59:23 (2641563) [INFO]	Progress 75.0%
2026-05-10 12:59:24 (2641563) [INFO]	Progress 76.0%
2026-05-10 12:59:24 (2641563) [INFO]	Progress 77.0%
2026-05-10 12:59:25 (2641563) [INFO]	Progress 78.0%
2026-05-10 12:59:27 (2641563) [INFO]	Progress 79.0%
2026-05-10 12:59:33 (2641563) [INFO]	Progress 80.0%
2026-05-10 12:59:33 (2641563) [INFO]	Progress 81.0%
2026-05-10 12:59:34 (2641563) [INFO]	Progress 82.0%
2026-05-10 12:59:38 (2641563) [INFO]	Progress 83.0%
2026-05-10 12:59:40 (2641563) [INFO]	Progress 84.0%
2026-05-10 12:59:42 (2641563) [INFO]	Progress 85.0%
2026-05-10 12:59:46 (2641563) [INFO]	Progress 86.0%
2026-05-10 12:59:48 (2641563) [INFO]	Progress 87.0%
2026-05-10 12:59:51 (2641563) [INFO]	Progress 88.0%
2026-05-10 12:59:51 (2641563) [INFO]	Progress 89.0%
2026-05-10 12:59:53 (2641563) [INFO]	Progress 90.0%
2026-05-10 12:59:57 (2641563) [INFO]	Progress 91.0%
2026-05-10 12:59:57 (2641563) [INFO]	Progress 92.0%
2026-05-10 12:59:58 (2641563) [INFO]	Progress 93.0%
2026-05-10 12:59:58 (2641563) [INFO]	Progress 94.0%
2026-05-10 12:59:59 (2641563) [INFO]	Progress 95.0%
2026-05-10 13:00:00 (2641563) [INFO]	Progress 96.0%
2026-05-10 13:00:01 (2641563) [INFO]	Progress 97.0%
2026-05-10 13:00:02 (2641563) [INFO]	Progress 98.0%
2026-05-10 13:00:03 (2641563) [INFO]	Progress 99.0%
2026-05-10 13:00:03 (2641563) [INFO]	Progress 100.0%
2026-05-10 13:00:03 (2641563) [INFO]	Progress done!
2026-05-10 13:00:03 (2641563) [INFO]	Done scanning for TFBS across regions!
2026-05-10 13:00:03 (2641563) [INFO]	Waiting for bedfiles to write
2026-05-10 13:00:06 (2641563) [INFO]	Merging results from subsets

2026-05-10 13:00:39 (2641563) [INFO]	Normalizing scores across conditions
2026-05-10 13:00:44 (2641563) [INFO]	Estimating bound/unbound threshold
2026-05-10 13:00:54 (2641563) [STATS]	- Threshold estimated at: 0.04392

2026-05-10 13:00:54 (2641563) [INFO]	Calculating background log2 fold-changes between conditions
2026-05-10 13:00:54 (2641563) [INFO]	- KO / WT

2026-05-10 13:00:54 (2641563) [INFO]	Processing scanned TFBS individually
2026-05-10 13:00:55 (2641563) [INFO]	Progress 0%
2026-05-10 13:00:57 (2641563) [INFO]	Progress 0.12%
2026-05-10 13:00:59 (2641563) [INFO]	Progress 0.24%
2026-05-10 13:01:02 (2641563) [INFO]	Progress 0.36%
2026-05-10 13:01:03 (2641563) [INFO]	Progress 0.59%
2026-05-10 13:01:04 (2641563) [INFO]	Progress 0.83%
2026-05-10 13:01:04 (2641563) [INFO]	Progress 0.95%
2026-05-10 13:01:05 (2641563) [INFO]	Progress 1.07%
2026-05-10 13:01:08 (2641563) [INFO]	Progress 1.19%
2026-05-10 13:01:08 (2641563) [INFO]	Progress 1.31%
2026-05-10 13:01:08 (2641563) [INFO]	Progress 1.43%
2026-05-10 13:01:09 (2641563) [INFO]	Progress 1.54%
2026-05-10 13:01:10 (2641563) [INFO]	Progress 1.66%
2026-05-10 13:01:13 (2641563) [INFO]	Progress 1.78%
2026-05-10 13:01:14 (2641563) [INFO]	Progress 1.9%
2026-05-10 13:01:15 (2641563) [INFO]	Progress 2.02%
2026-05-10 13:01:16 (2641563) [INFO]	Progress 2.14%
2026-05-10 13:01:17 (2641563) [INFO]	Progress 2.26%
2026-05-10 13:01:17 (2641563) [INFO]	Progress 2.38%
2026-05-10 13:01:18 (2641563) [INFO]	Progress 2.49%
2026-05-10 13:01:20 (2641563) [INFO]	Progress 2.61%
2026-05-10 13:01:21 (2641563) [INFO]	Progress 2.73%
2026-05-10 13:01:21 (2641563) [INFO]	Progress 2.85%
2026-05-10 13:01:23 (2641563) [INFO]	Progress 2.97%
2026-05-10 13:01:23 (2641563) [INFO]	Progress 3.09%
2026-05-10 13:01:24 (2641563) [INFO]	Progress 3.21%
2026-05-10 13:01:24 (2641563) [INFO]	Progress 3.33%
2026-05-10 13:01:25 (2641563) [INFO]	Progress 3.44%
2026-05-10 13:01:25 (2641563) [INFO]	Progress 3.56%
2026-05-10 13:01:29 (2641563) [INFO]	Progress 3.68%
2026-05-10 13:01:30 (2641563) [INFO]	Progress 3.8%
2026-05-10 13:01:32 (2641563) [INFO]	Progress 3.92%
2026-05-10 13:01:32 (2641563) [INFO]	Progress 4.04%
2026-05-10 13:01:33 (2641563) [INFO]	Progress 4.28%
2026-05-10 13:01:33 (2641563) [INFO]	Progress 4.39%
2026-05-10 13:01:34 (2641563) [INFO]	Progress 4.51%
2026-05-10 13:01:35 (2641563) [INFO]	Progress 4.63%
2026-05-10 13:01:35 (2641563) [INFO]	Progress 4.75%
2026-05-10 13:01:40 (2641563) [INFO]	Progress 4.87%
2026-05-10 13:01:42 (2641563) [INFO]	Progress 4.99%
2026-05-10 13:01:43 (2641563) [INFO]	Progress 5.11%
2026-05-10 13:01:43 (2641563) [INFO]	Progress 5.23%
2026-05-10 13:01:44 (2641563) [INFO]	Progress 5.34%
2026-05-10 13:01:45 (2641563) [INFO]	Progress 5.58%
2026-05-10 13:01:46 (2641563) [INFO]	Progress 5.7%
2026-05-10 13:01:48 (2641563) [INFO]	Progress 5.82%
2026-05-10 13:01:49 (2641563) [INFO]	Progress 5.94%
2026-05-10 13:01:51 (2641563) [INFO]	Progress 6.06%
2026-05-10 13:01:53 (2641563) [INFO]	Progress 6.18%
2026-05-10 13:01:56 (2641563) [INFO]	Progress 6.29%
2026-05-10 13:01:57 (2641563) [INFO]	Progress 6.41%
2026-05-10 13:01:59 (2641563) [INFO]	Progress 6.53%
2026-05-10 13:02:00 (2641563) [INFO]	Progress 6.65%
2026-05-10 13:02:01 (2641563) [INFO]	Progress 6.77%
2026-05-10 13:02:01 (2641563) [INFO]	Progress 6.89%
2026-05-10 13:02:01 (2641563) [INFO]	Progress 7.01%
2026-05-10 13:02:03 (2641563) [INFO]	Progress 7.13%
2026-05-10 13:02:05 (2641563) [INFO]	Progress 7.24%
2026-05-10 13:02:05 (2641563) [INFO]	Progress 7.48%
2026-05-10 13:02:06 (2641563) [INFO]	Progress 7.6%
2026-05-10 13:02:08 (2641563) [INFO]	Progress 7.72%
2026-05-10 13:02:10 (2641563) [INFO]	Progress 7.96%
2026-05-10 13:02:10 (2641563) [INFO]	Progress 8.08%
2026-05-10 13:02:10 (2641563) [INFO]	Progress 8.19%
2026-05-10 13:02:11 (2641563) [INFO]	Progress 8.31%
2026-05-10 13:02:12 (2641563) [INFO]	Progress 8.43%
2026-05-10 13:02:14 (2641563) [INFO]	Progress 8.55%
2026-05-10 13:02:15 (2641563) [INFO]	Progress 8.67%
2026-05-10 13:02:17 (2641563) [INFO]	Progress 8.79%
2026-05-10 13:02:19 (2641563) [INFO]	Progress 8.91%
2026-05-10 13:02:20 (2641563) [INFO]	Progress 9.03%
2026-05-10 13:02:21 (2641563) [INFO]	Progress 9.26%
2026-05-10 13:02:21 (2641563) [INFO]	Progress 9.38%
2026-05-10 13:02:24 (2641563) [INFO]	Progress 9.5%
2026-05-10 13:02:25 (2641563) [INFO]	Progress 9.74%
2026-05-10 13:02:25 (2641563) [INFO]	Progress 9.86%
2026-05-10 13:02:27 (2641563) [INFO]	Progress 9.98%
2026-05-10 13:02:27 (2641563) [INFO]	Progress 10.1%
2026-05-10 13:02:28 (2641563) [INFO]	Progress 10.21%
2026-05-10 13:02:28 (2641563) [INFO]	Progress 10.33%
2026-05-10 13:02:29 (2641563) [INFO]	Progress 10.45%
2026-05-10 13:02:30 (2641563) [INFO]	Progress 10.57%
2026-05-10 13:02:31 (2641563) [INFO]	Progress 10.69%
2026-05-10 13:02:31 (2641563) [INFO]	Progress 10.81%
2026-05-10 13:02:34 (2641563) [INFO]	Progress 10.93%
2026-05-10 13:02:37 (2641563) [INFO]	Progress 11.05%
2026-05-10 13:02:38 (2641563) [INFO]	Progress 11.16%
2026-05-10 13:02:40 (2641563) [INFO]	Progress 11.28%
2026-05-10 13:02:41 (2641563) [INFO]	Progress 11.4%
2026-05-10 13:02:42 (2641563) [INFO]	Progress 11.52%
2026-05-10 13:02:42 (2641563) [INFO]	Progress 11.64%
2026-05-10 13:02:44 (2641563) [INFO]	Progress 11.76%
2026-05-10 13:02:46 (2641563) [INFO]	Progress 11.88%
2026-05-10 13:02:48 (2641563) [INFO]	Progress 12.0%
2026-05-10 13:02:48 (2641563) [INFO]	Progress 12.11%
2026-05-10 13:02:49 (2641563) [INFO]	Progress 12.23%
2026-05-10 13:02:50 (2641563) [INFO]	Progress 12.35%
2026-05-10 13:02:51 (2641563) [INFO]	Progress 12.47%
2026-05-10 13:02:51 (2641563) [INFO]	Progress 12.59%
2026-05-10 13:02:54 (2641563) [INFO]	Progress 12.71%
2026-05-10 13:02:55 (2641563) [INFO]	Progress 12.83%
2026-05-10 13:02:55 (2641563) [INFO]	Progress 12.95%
2026-05-10 13:02:58 (2641563) [INFO]	Progress 13.06%
2026-05-10 13:03:00 (2641563) [INFO]	Progress 13.18%
2026-05-10 13:03:00 (2641563) [INFO]	Progress 13.3%
2026-05-10 13:03:01 (2641563) [INFO]	Progress 13.42%
2026-05-10 13:03:03 (2641563) [INFO]	Progress 13.54%
2026-05-10 13:03:05 (2641563) [INFO]	Progress 13.66%
2026-05-10 13:03:05 (2641563) [INFO]	Progress 13.78%
2026-05-10 13:03:06 (2641563) [INFO]	Progress 13.9%
2026-05-10 13:03:06 (2641563) [INFO]	Progress 14.01%
2026-05-10 13:03:06 (2641563) [INFO]	Progress 14.13%
2026-05-10 13:03:07 (2641563) [INFO]	Progress 14.25%
2026-05-10 13:03:07 (2641563) [INFO]	Progress 14.37%
2026-05-10 13:03:07 (2641563) [INFO]	Progress 14.49%
2026-05-10 13:03:07 (2641563) [INFO]	Progress 14.61%
2026-05-10 13:03:08 (2641563) [INFO]	Progress 14.73%
2026-05-10 13:03:09 (2641563) [INFO]	Progress 14.85%
2026-05-10 13:03:17 (2641563) [INFO]	Progress 14.96%
2026-05-10 13:03:17 (2641563) [INFO]	Progress 15.08%
2026-05-10 13:03:17 (2641563) [INFO]	Progress 15.2%
2026-05-10 13:03:18 (2641563) [INFO]	Progress 15.32%
2026-05-10 13:03:18 (2641563) [INFO]	Progress 15.44%
2026-05-10 13:03:19 (2641563) [INFO]	Progress 15.56%
2026-05-10 13:03:21 (2641563) [INFO]	Progress 15.91%
2026-05-10 13:03:23 (2641563) [INFO]	Progress 16.03%
2026-05-10 13:03:24 (2641563) [INFO]	Progress 16.15%
2026-05-10 13:03:25 (2641563) [INFO]	Progress 16.27%
2026-05-10 13:03:27 (2641563) [INFO]	Progress 16.39%
2026-05-10 13:03:28 (2641563) [INFO]	Progress 16.51%
2026-05-10 13:03:29 (2641563) [INFO]	Progress 16.63%
2026-05-10 13:03:31 (2641563) [INFO]	Progress 16.75%
2026-05-10 13:03:32 (2641563) [INFO]	Progress 16.86%
2026-05-10 13:03:33 (2641563) [INFO]	Progress 16.98%
2026-05-10 13:03:35 (2641563) [INFO]	Progress 17.1%
2026-05-10 13:03:35 (2641563) [INFO]	Progress 17.22%
2026-05-10 13:03:36 (2641563) [INFO]	Progress 17.34%
2026-05-10 13:03:40 (2641563) [INFO]	Progress 17.46%
2026-05-10 13:03:40 (2641563) [INFO]	Progress 17.58%
2026-05-10 13:03:40 (2641563) [INFO]	Progress 17.7%
2026-05-10 13:03:41 (2641563) [INFO]	Progress 17.81%
2026-05-10 13:03:41 (2641563) [INFO]	Progress 17.93%
2026-05-10 13:03:42 (2641563) [INFO]	Progress 18.05%
2026-05-10 13:03:42 (2641563) [INFO]	Progress 18.17%
2026-05-10 13:03:44 (2641563) [INFO]	Progress 18.29%
2026-05-10 13:03:45 (2641563) [INFO]	Progress 18.41%
2026-05-10 13:03:45 (2641563) [INFO]	Progress 18.53%
2026-05-10 13:03:47 (2641563) [INFO]	Progress 18.65%
2026-05-10 13:03:48 (2641563) [INFO]	Progress 18.76%
2026-05-10 13:03:50 (2641563) [INFO]	Progress 18.88%
2026-05-10 13:03:51 (2641563) [INFO]	Progress 19.0%
2026-05-10 13:03:53 (2641563) [INFO]	Progress 19.12%
2026-05-10 13:03:56 (2641563) [INFO]	Progress 19.24%
2026-05-10 13:03:56 (2641563) [INFO]	Progress 19.36%
2026-05-10 13:03:56 (2641563) [INFO]	Progress 19.48%
2026-05-10 13:03:58 (2641563) [INFO]	Progress 19.6%
2026-05-10 13:03:59 (2641563) [INFO]	Progress 19.83%
2026-05-10 13:04:00 (2641563) [INFO]	Progress 19.95%
2026-05-10 13:04:01 (2641563) [INFO]	Progress 20.07%
2026-05-10 13:04:03 (2641563) [INFO]	Progress 20.19%
2026-05-10 13:04:05 (2641563) [INFO]	Progress 20.31%
2026-05-10 13:04:09 (2641563) [INFO]	Progress 20.43%
2026-05-10 13:04:11 (2641563) [INFO]	Progress 20.55%
2026-05-10 13:04:12 (2641563) [INFO]	Progress 20.78%
2026-05-10 13:04:14 (2641563) [INFO]	Progress 20.9%
2026-05-10 13:04:15 (2641563) [INFO]	Progress 21.02%
2026-05-10 13:04:15 (2641563) [INFO]	Progress 21.14%
2026-05-10 13:04:16 (2641563) [INFO]	Progress 21.26%
2026-05-10 13:04:17 (2641563) [INFO]	Progress 21.38%
2026-05-10 13:04:18 (2641563) [INFO]	Progress 21.5%
2026-05-10 13:04:18 (2641563) [INFO]	Progress 21.62%
2026-05-10 13:04:19 (2641563) [INFO]	Progress 21.73%
2026-05-10 13:04:20 (2641563) [INFO]	Progress 21.85%
2026-05-10 13:04:21 (2641563) [INFO]	Progress 21.97%
2026-05-10 13:04:23 (2641563) [INFO]	Progress 22.09%
2026-05-10 13:04:23 (2641563) [INFO]	Progress 22.21%
2026-05-10 13:04:24 (2641563) [INFO]	Progress 22.45%
2026-05-10 13:04:28 (2641563) [INFO]	Progress 22.68%
2026-05-10 13:04:29 (2641563) [INFO]	Progress 22.8%
2026-05-10 13:04:29 (2641563) [INFO]	Progress 22.92%
2026-05-10 13:04:31 (2641563) [INFO]	Progress 23.04%
2026-05-10 13:04:31 (2641563) [INFO]	Progress 23.16%
2026-05-10 13:04:32 (2641563) [INFO]	Progress 23.28%
2026-05-10 13:04:33 (2641563) [INFO]	Progress 23.4%
2026-05-10 13:04:34 (2641563) [INFO]	Progress 23.52%
2026-05-10 13:04:35 (2641563) [INFO]	Progress 23.63%
2026-05-10 13:04:36 (2641563) [INFO]	Progress 23.87%
2026-05-10 13:04:37 (2641563) [INFO]	Progress 23.99%
2026-05-10 13:04:37 (2641563) [INFO]	Progress 24.11%
2026-05-10 13:04:37 (2641563) [INFO]	Progress 24.23%
2026-05-10 13:04:38 (2641563) [INFO]	Progress 24.47%
2026-05-10 13:04:39 (2641563) [INFO]	Progress 24.58%
2026-05-10 13:04:39 (2641563) [INFO]	Progress 24.7%
2026-05-10 13:04:41 (2641563) [INFO]	Progress 24.82%
2026-05-10 13:04:43 (2641563) [INFO]	Progress 24.94%
2026-05-10 13:04:44 (2641563) [INFO]	Progress 25.06%
2026-05-10 13:04:44 (2641563) [INFO]	Progress 25.18%
2026-05-10 13:04:45 (2641563) [INFO]	Progress 25.3%
2026-05-10 13:04:45 (2641563) [INFO]	Progress 25.42%
2026-05-10 13:04:46 (2641563) [INFO]	Progress 25.53%
2026-05-10 13:04:46 (2641563) [INFO]	Progress 25.65%
2026-05-10 13:04:48 (2641563) [INFO]	Progress 25.77%
2026-05-10 13:04:49 (2641563) [INFO]	Progress 26.01%
2026-05-10 13:04:50 (2641563) [INFO]	Progress 26.13%
2026-05-10 13:04:51 (2641563) [INFO]	Progress 26.25%
2026-05-10 13:04:53 (2641563) [INFO]	Progress 26.37%
2026-05-10 13:04:53 (2641563) [INFO]	Progress 26.48%
2026-05-10 13:04:54 (2641563) [INFO]	Progress 26.6%
2026-05-10 13:04:54 (2641563) [INFO]	Progress 26.72%
2026-05-10 13:04:54 (2641563) [INFO]	Progress 26.84%
2026-05-10 13:04:54 (2641563) [INFO]	Progress 26.96%
2026-05-10 13:04:55 (2641563) [INFO]	Progress 27.08%
2026-05-10 13:04:55 (2641563) [INFO]	Progress 27.2%
2026-05-10 13:04:55 (2641563) [INFO]	Progress 27.43%
2026-05-10 13:04:56 (2641563) [INFO]	Progress 27.55%
2026-05-10 13:04:57 (2641563) [INFO]	Progress 27.67%
2026-05-10 13:04:59 (2641563) [INFO]	Progress 27.91%
2026-05-10 13:05:01 (2641563) [INFO]	Progress 28.03%
2026-05-10 13:05:01 (2641563) [INFO]	Progress 28.27%
2026-05-10 13:05:01 (2641563) [INFO]	Progress 28.38%
2026-05-10 13:05:02 (2641563) [INFO]	Progress 28.5%
2026-05-10 13:05:02 (2641563) [INFO]	Progress 28.62%
2026-05-10 13:05:02 (2641563) [INFO]	Progress 28.74%
2026-05-10 13:05:05 (2641563) [INFO]	Progress 28.86%
2026-05-10 13:05:05 (2641563) [INFO]	Progress 28.98%
2026-05-10 13:05:06 (2641563) [INFO]	Progress 29.22%
2026-05-10 13:05:08 (2641563) [INFO]	Progress 29.33%
2026-05-10 13:05:08 (2641563) [INFO]	Progress 29.45%
2026-05-10 13:05:09 (2641563) [INFO]	Progress 29.57%
2026-05-10 13:05:09 (2641563) [INFO]	Progress 29.69%
2026-05-10 13:05:11 (2641563) [INFO]	Progress 29.81%
2026-05-10 13:05:12 (2641563) [INFO]	Progress 29.93%
2026-05-10 13:05:12 (2641563) [INFO]	Progress 30.05%
2026-05-10 13:05:12 (2641563) [INFO]	Progress 30.17%
2026-05-10 13:05:13 (2641563) [INFO]	Progress 30.29%
2026-05-10 13:05:13 (2641563) [INFO]	Progress 30.4%
2026-05-10 13:05:14 (2641563) [INFO]	Progress 30.64%
2026-05-10 13:05:14 (2641563) [INFO]	Progress 30.76%
2026-05-10 13:05:16 (2641563) [INFO]	Progress 31.0%
2026-05-10 13:05:16 (2641563) [INFO]	Progress 31.12%
2026-05-10 13:05:21 (2641563) [INFO]	Progress 31.24%
2026-05-10 13:05:21 (2641563) [INFO]	Progress 31.35%
2026-05-10 13:05:22 (2641563) [INFO]	Progress 31.47%
2026-05-10 13:05:22 (2641563) [INFO]	Progress 31.59%
2026-05-10 13:05:23 (2641563) [INFO]	Progress 31.71%
2026-05-10 13:05:25 (2641563) [INFO]	Progress 31.83%
2026-05-10 13:05:26 (2641563) [INFO]	Progress 31.95%
2026-05-10 13:05:27 (2641563) [INFO]	Progress 32.07%
2026-05-10 13:05:27 (2641563) [INFO]	Progress 32.19%
2026-05-10 13:05:27 (2641563) [INFO]	Progress 32.3%
2026-05-10 13:05:28 (2641563) [INFO]	Progress 32.42%
2026-05-10 13:05:29 (2641563) [INFO]	Progress 32.54%
2026-05-10 13:05:29 (2641563) [INFO]	Progress 32.66%
2026-05-10 13:05:32 (2641563) [INFO]	Progress 32.78%
2026-05-10 13:05:34 (2641563) [INFO]	Progress 32.9%
2026-05-10 13:05:35 (2641563) [INFO]	Progress 33.02%
2026-05-10 13:05:35 (2641563) [INFO]	Progress 33.14%
2026-05-10 13:05:36 (2641563) [INFO]	Progress 33.25%
2026-05-10 13:05:37 (2641563) [INFO]	Progress 33.37%
2026-05-10 13:05:37 (2641563) [INFO]	Progress 33.49%
2026-05-10 13:05:38 (2641563) [INFO]	Progress 33.61%
2026-05-10 13:05:40 (2641563) [INFO]	Progress 33.73%
2026-05-10 13:05:40 (2641563) [INFO]	Progress 33.85%
2026-05-10 13:05:41 (2641563) [INFO]	Progress 33.97%
2026-05-10 13:05:42 (2641563) [INFO]	Progress 34.09%
2026-05-10 13:05:42 (2641563) [INFO]	Progress 34.2%
2026-05-10 13:05:44 (2641563) [INFO]	Progress 34.32%
2026-05-10 13:05:44 (2641563) [INFO]	Progress 34.44%
2026-05-10 13:05:44 (2641563) [INFO]	Progress 34.56%
2026-05-10 13:05:45 (2641563) [INFO]	Progress 34.68%
2026-05-10 13:05:46 (2641563) [INFO]	Progress 34.8%
2026-05-10 13:05:47 (2641563) [INFO]	Progress 34.92%
2026-05-10 13:05:48 (2641563) [INFO]	Progress 35.04%
2026-05-10 13:05:48 (2641563) [INFO]	Progress 35.15%
2026-05-10 13:05:49 (2641563) [INFO]	Progress 35.27%
2026-05-10 13:05:49 (2641563) [INFO]	Progress 35.39%
2026-05-10 13:05:50 (2641563) [INFO]	Progress 35.51%
2026-05-10 13:05:51 (2641563) [INFO]	Progress 35.63%
2026-05-10 13:05:51 (2641563) [INFO]	Progress 35.75%
2026-05-10 13:05:51 (2641563) [INFO]	Progress 35.99%
2026-05-10 13:05:52 (2641563) [INFO]	Progress 36.1%
2026-05-10 13:05:53 (2641563) [INFO]	Progress 36.22%
2026-05-10 13:05:54 (2641563) [INFO]	Progress 36.34%
2026-05-10 13:05:56 (2641563) [INFO]	Progress 36.46%
2026-05-10 13:05:57 (2641563) [INFO]	Progress 36.58%
2026-05-10 13:05:57 (2641563) [INFO]	Progress 36.7%
2026-05-10 13:05:57 (2641563) [INFO]	Progress 36.82%
2026-05-10 13:05:58 (2641563) [INFO]	Progress 36.94%
2026-05-10 13:05:58 (2641563) [INFO]	Progress 37.05%
2026-05-10 13:05:59 (2641563) [INFO]	Progress 37.17%
2026-05-10 13:05:59 (2641563) [INFO]	Progress 37.29%
2026-05-10 13:05:59 (2641563) [INFO]	Progress 37.41%
2026-05-10 13:06:01 (2641563) [INFO]	Progress 37.53%
2026-05-10 13:06:02 (2641563) [INFO]	Progress 37.65%
2026-05-10 13:06:02 (2641563) [INFO]	Progress 37.77%
2026-05-10 13:06:03 (2641563) [INFO]	Progress 37.89%
2026-05-10 13:06:03 (2641563) [INFO]	Progress 38.0%
2026-05-10 13:06:04 (2641563) [INFO]	Progress 38.12%
2026-05-10 13:06:04 (2641563) [INFO]	Progress 38.24%
2026-05-10 13:06:07 (2641563) [INFO]	Progress 38.36%
2026-05-10 13:06:09 (2641563) [INFO]	Progress 38.48%
2026-05-10 13:06:11 (2641563) [INFO]	Progress 38.6%
2026-05-10 13:06:14 (2641563) [INFO]	Progress 38.72%
2026-05-10 13:06:15 (2641563) [INFO]	Progress 38.84%
2026-05-10 13:06:15 (2641563) [INFO]	Progress 38.95%
2026-05-10 13:06:18 (2641563) [INFO]	Progress 39.07%
2026-05-10 13:06:19 (2641563) [INFO]	Progress 39.19%
2026-05-10 13:06:19 (2641563) [INFO]	Progress 39.31%
2026-05-10 13:06:20 (2641563) [INFO]	Progress 39.43%
2026-05-10 13:06:20 (2641563) [INFO]	Progress 39.55%
2026-05-10 13:06:20 (2641563) [INFO]	Progress 39.67%
2026-05-10 13:06:21 (2641563) [INFO]	Progress 39.79%
2026-05-10 13:06:21 (2641563) [INFO]	Progress 39.9%
2026-05-10 13:06:22 (2641563) [INFO]	Progress 40.02%
2026-05-10 13:06:23 (2641563) [INFO]	Progress 40.14%
2026-05-10 13:06:25 (2641563) [INFO]	Progress 40.26%
2026-05-10 13:06:25 (2641563) [INFO]	Progress 40.38%
2026-05-10 13:06:26 (2641563) [INFO]	Progress 40.5%
2026-05-10 13:06:27 (2641563) [INFO]	Progress 40.74%
2026-05-10 13:06:27 (2641563) [INFO]	Progress 40.86%
2026-05-10 13:06:30 (2641563) [INFO]	Progress 40.97%
2026-05-10 13:06:32 (2641563) [INFO]	Progress 41.09%
2026-05-10 13:06:33 (2641563) [INFO]	Progress 41.21%
2026-05-10 13:06:35 (2641563) [INFO]	Progress 41.33%
2026-05-10 13:06:37 (2641563) [INFO]	Progress 41.45%
2026-05-10 13:06:38 (2641563) [INFO]	Progress 41.57%
2026-05-10 13:06:38 (2641563) [INFO]	Progress 41.69%
2026-05-10 13:06:38 (2641563) [INFO]	Progress 41.81%
2026-05-10 13:06:39 (2641563) [INFO]	Progress 41.92%
2026-05-10 13:06:40 (2641563) [INFO]	Progress 42.04%
2026-05-10 13:06:40 (2641563) [INFO]	Progress 42.16%
2026-05-10 13:06:41 (2641563) [INFO]	Progress 42.28%
2026-05-10 13:06:41 (2641563) [INFO]	Progress 42.4%
2026-05-10 13:06:44 (2641563) [INFO]	Progress 42.52%
2026-05-10 13:06:45 (2641563) [INFO]	Progress 42.64%
2026-05-10 13:06:46 (2641563) [INFO]	Progress 42.76%
2026-05-10 13:06:48 (2641563) [INFO]	Progress 42.87%
2026-05-10 13:06:51 (2641563) [INFO]	Progress 42.99%
2026-05-10 13:06:52 (2641563) [INFO]	Progress 43.11%
2026-05-10 13:06:52 (2641563) [INFO]	Progress 43.23%
2026-05-10 13:06:52 (2641563) [INFO]	Progress 43.35%
2026-05-10 13:06:52 (2641563) [INFO]	Progress 43.47%
2026-05-10 13:06:53 (2641563) [INFO]	Progress 43.59%
2026-05-10 13:06:54 (2641563) [INFO]	Progress 43.71%
2026-05-10 13:06:55 (2641563) [INFO]	Progress 43.94%
2026-05-10 13:06:56 (2641563) [INFO]	Progress 44.06%
2026-05-10 13:06:56 (2641563) [INFO]	Progress 44.18%
2026-05-10 13:06:59 (2641563) [INFO]	Progress 44.3%
2026-05-10 13:07:00 (2641563) [INFO]	Progress 44.42%
2026-05-10 13:07:00 (2641563) [INFO]	Progress 44.54%
2026-05-10 13:07:02 (2641563) [INFO]	Progress 44.66%
2026-05-10 13:07:02 (2641563) [INFO]	Progress 44.77%
2026-05-10 13:07:02 (2641563) [INFO]	Progress 44.89%
2026-05-10 13:07:02 (2641563) [INFO]	Progress 45.01%
2026-05-10 13:07:07 (2641563) [INFO]	Progress 45.13%
2026-05-10 13:07:07 (2641563) [INFO]	Progress 45.37%
2026-05-10 13:07:08 (2641563) [INFO]	Progress 45.49%
2026-05-10 13:07:09 (2641563) [INFO]	Progress 45.61%
2026-05-10 13:07:09 (2641563) [INFO]	Progress 45.72%
2026-05-10 13:07:10 (2641563) [INFO]	Progress 45.84%
2026-05-10 13:07:11 (2641563) [INFO]	Progress 45.96%
2026-05-10 13:07:11 (2641563) [INFO]	Progress 46.08%
2026-05-10 13:07:11 (2641563) [INFO]	Progress 46.2%
2026-05-10 13:07:12 (2641563) [INFO]	Progress 46.44%
2026-05-10 13:07:14 (2641563) [INFO]	Progress 46.56%
2026-05-10 13:07:14 (2641563) [INFO]	Progress 46.79%
2026-05-10 13:07:14 (2641563) [INFO]	Progress 46.91%
2026-05-10 13:07:16 (2641563) [INFO]	Progress 47.03%
2026-05-10 13:07:17 (2641563) [INFO]	Progress 47.15%
2026-05-10 13:07:18 (2641563) [INFO]	Progress 47.27%
2026-05-10 13:07:18 (2641563) [INFO]	Progress 47.39%
2026-05-10 13:07:22 (2641563) [INFO]	Progress 47.51%
2026-05-10 13:07:23 (2641563) [INFO]	Progress 47.62%
2026-05-10 13:07:23 (2641563) [INFO]	Progress 47.74%
2026-05-10 13:07:23 (2641563) [INFO]	Progress 47.86%
2026-05-10 13:07:24 (2641563) [INFO]	Progress 47.98%
2026-05-10 13:07:25 (2641563) [INFO]	Progress 48.1%
2026-05-10 13:07:25 (2641563) [INFO]	Progress 48.22%
2026-05-10 13:07:26 (2641563) [INFO]	Progress 48.34%
2026-05-10 13:07:27 (2641563) [INFO]	Progress 48.46%
2026-05-10 13:07:28 (2641563) [INFO]	Progress 48.57%
2026-05-10 13:07:29 (2641563) [INFO]	Progress 48.69%
2026-05-10 13:07:29 (2641563) [INFO]	Progress 48.81%
2026-05-10 13:07:29 (2641563) [INFO]	Progress 48.93%
2026-05-10 13:07:30 (2641563) [INFO]	Progress 49.05%
2026-05-10 13:07:30 (2641563) [INFO]	Progress 49.17%
2026-05-10 13:07:30 (2641563) [INFO]	Progress 49.29%
2026-05-10 13:07:31 (2641563) [INFO]	Progress 49.41%
2026-05-10 13:07:32 (2641563) [INFO]	Progress 49.52%
2026-05-10 13:07:32 (2641563) [INFO]	Progress 49.64%
2026-05-10 13:07:33 (2641563) [INFO]	Progress 49.88%
2026-05-10 13:07:33 (2641563) [INFO]	Progress 50.12%
2026-05-10 13:07:34 (2641563) [INFO]	Progress 50.24%
2026-05-10 13:07:35 (2641563) [INFO]	Progress 50.36%
2026-05-10 13:07:35 (2641563) [INFO]	Progress 50.48%
2026-05-10 13:07:36 (2641563) [INFO]	Progress 50.59%
2026-05-10 13:07:37 (2641563) [INFO]	Progress 50.71%
2026-05-10 13:07:39 (2641563) [INFO]	Progress 50.83%
2026-05-10 13:07:39 (2641563) [INFO]	Progress 51.07%
2026-05-10 13:07:40 (2641563) [INFO]	Progress 51.19%
2026-05-10 13:07:40 (2641563) [INFO]	Progress 51.31%
2026-05-10 13:07:41 (2641563) [INFO]	Progress 51.43%
2026-05-10 13:07:42 (2641563) [INFO]	Progress 51.54%
2026-05-10 13:07:42 (2641563) [INFO]	Progress 51.66%
2026-05-10 13:07:43 (2641563) [INFO]	Progress 51.78%
2026-05-10 13:07:43 (2641563) [INFO]	Progress 51.9%
2026-05-10 13:07:44 (2641563) [INFO]	Progress 52.02%
2026-05-10 13:07:46 (2641563) [INFO]	Progress 52.14%
2026-05-10 13:07:47 (2641563) [INFO]	Progress 52.26%
2026-05-10 13:07:48 (2641563) [INFO]	Progress 52.38%
2026-05-10 13:07:48 (2641563) [INFO]	Progress 52.49%
2026-05-10 13:07:49 (2641563) [INFO]	Progress 52.61%
2026-05-10 13:07:49 (2641563) [INFO]	Progress 52.73%
2026-05-10 13:07:49 (2641563) [INFO]	Progress 52.85%
2026-05-10 13:07:49 (2641563) [INFO]	Progress 52.97%
2026-05-10 13:07:50 (2641563) [INFO]	Progress 53.09%
2026-05-10 13:07:51 (2641563) [INFO]	Progress 53.21%
2026-05-10 13:07:53 (2641563) [INFO]	Progress 53.33%
2026-05-10 13:07:56 (2641563) [INFO]	Progress 53.44%
2026-05-10 13:07:57 (2641563) [INFO]	Progress 53.56%
2026-05-10 13:07:58 (2641563) [INFO]	Progress 53.68%
2026-05-10 13:07:58 (2641563) [INFO]	Progress 53.8%
2026-05-10 13:08:01 (2641563) [INFO]	Progress 53.92%
2026-05-10 13:08:03 (2641563) [INFO]	Progress 54.04%
2026-05-10 13:08:03 (2641563) [INFO]	Progress 54.16%
2026-05-10 13:08:04 (2641563) [INFO]	Progress 54.28%
2026-05-10 13:08:05 (2641563) [INFO]	Progress 54.39%
2026-05-10 13:08:06 (2641563) [INFO]	Progress 54.63%
2026-05-10 13:08:07 (2641563) [INFO]	Progress 54.75%
2026-05-10 13:08:07 (2641563) [INFO]	Progress 54.87%
2026-05-10 13:08:08 (2641563) [INFO]	Progress 55.23%
2026-05-10 13:08:08 (2641563) [INFO]	Progress 55.46%
2026-05-10 13:08:09 (2641563) [INFO]	Progress 55.58%
2026-05-10 13:08:09 (2641563) [INFO]	Progress 55.7%
2026-05-10 13:08:10 (2641563) [INFO]	Progress 55.82%
2026-05-10 13:08:12 (2641563) [INFO]	Progress 55.94%
2026-05-10 13:08:12 (2641563) [INFO]	Progress 56.06%
2026-05-10 13:08:13 (2641563) [INFO]	Progress 56.18%
2026-05-10 13:08:13 (2641563) [INFO]	Progress 56.29%
2026-05-10 13:08:13 (2641563) [INFO]	Progress 56.53%
2026-05-10 13:08:13 (2641563) [INFO]	Progress 56.65%
2026-05-10 13:08:13 (2641563) [INFO]	Progress 56.77%
2026-05-10 13:08:14 (2641563) [INFO]	Progress 56.89%
2026-05-10 13:08:14 (2641563) [INFO]	Progress 57.13%
2026-05-10 13:08:14 (2641563) [INFO]	Progress 57.24%
2026-05-10 13:08:15 (2641563) [INFO]	Progress 57.36%
2026-05-10 13:08:16 (2641563) [INFO]	Progress 57.48%
2026-05-10 13:08:16 (2641563) [INFO]	Progress 57.6%
2026-05-10 13:08:17 (2641563) [INFO]	Progress 57.72%
2026-05-10 13:08:18 (2641563) [INFO]	Progress 57.84%
2026-05-10 13:08:18 (2641563) [INFO]	Progress 57.96%
2026-05-10 13:08:19 (2641563) [INFO]	Progress 58.08%
2026-05-10 13:08:20 (2641563) [INFO]	Progress 58.19%
2026-05-10 13:08:20 (2641563) [INFO]	Progress 58.31%
2026-05-10 13:08:21 (2641563) [INFO]	Progress 58.43%
2026-05-10 13:08:21 (2641563) [INFO]	Progress 58.55%
2026-05-10 13:08:22 (2641563) [INFO]	Progress 58.67%
2026-05-10 13:08:23 (2641563) [INFO]	Progress 58.79%
2026-05-10 13:08:24 (2641563) [INFO]	Progress 58.91%
2026-05-10 13:08:24 (2641563) [INFO]	Progress 59.03%
2026-05-10 13:08:24 (2641563) [INFO]	Progress 59.26%
2026-05-10 13:08:25 (2641563) [INFO]	Progress 59.38%
2026-05-10 13:08:25 (2641563) [INFO]	Progress 59.5%
2026-05-10 13:08:26 (2641563) [INFO]	Progress 59.74%
2026-05-10 13:08:26 (2641563) [INFO]	Progress 59.86%
2026-05-10 13:08:26 (2641563) [INFO]	Progress 59.98%
2026-05-10 13:08:26 (2641563) [INFO]	Progress 60.1%
2026-05-10 13:08:28 (2641563) [INFO]	Progress 60.21%
2026-05-10 13:08:29 (2641563) [INFO]	Progress 60.33%
2026-05-10 13:08:31 (2641563) [INFO]	Progress 60.45%
2026-05-10 13:08:31 (2641563) [INFO]	Progress 60.57%
2026-05-10 13:08:33 (2641563) [INFO]	Progress 60.69%
2026-05-10 13:08:33 (2641563) [INFO]	Progress 60.81%
2026-05-10 13:08:34 (2641563) [INFO]	Progress 60.93%
2026-05-10 13:08:35 (2641563) [INFO]	Progress 61.05%
2026-05-10 13:08:39 (2641563) [INFO]	Progress 61.16%
2026-05-10 13:08:39 (2641563) [INFO]	Progress 61.28%
2026-05-10 13:08:40 (2641563) [INFO]	Progress 61.4%
2026-05-10 13:08:42 (2641563) [INFO]	Progress 61.52%
2026-05-10 13:08:43 (2641563) [INFO]	Progress 61.64%
2026-05-10 13:08:47 (2641563) [INFO]	Progress 61.76%
2026-05-10 13:08:49 (2641563) [INFO]	Progress 61.88%
2026-05-10 13:08:49 (2641563) [INFO]	Progress 62.0%
2026-05-10 13:08:50 (2641563) [INFO]	Progress 62.11%
2026-05-10 13:08:52 (2641563) [INFO]	Progress 62.35%
2026-05-10 13:08:52 (2641563) [INFO]	Progress 62.47%
2026-05-10 13:08:52 (2641563) [INFO]	Progress 62.59%
2026-05-10 13:08:53 (2641563) [INFO]	Progress 62.71%
2026-05-10 13:08:54 (2641563) [INFO]	Progress 62.83%
2026-05-10 13:08:54 (2641563) [INFO]	Progress 63.06%
2026-05-10 13:08:56 (2641563) [INFO]	Progress 63.18%
2026-05-10 13:08:57 (2641563) [INFO]	Progress 63.3%
2026-05-10 13:08:58 (2641563) [INFO]	Progress 63.42%
2026-05-10 13:08:58 (2641563) [INFO]	Progress 63.54%
2026-05-10 13:08:59 (2641563) [INFO]	Progress 63.66%
2026-05-10 13:08:59 (2641563) [INFO]	Progress 63.78%
2026-05-10 13:09:02 (2641563) [INFO]	Progress 63.9%
2026-05-10 13:09:02 (2641563) [INFO]	Progress 64.01%
2026-05-10 13:09:04 (2641563) [INFO]	Progress 64.13%
2026-05-10 13:09:04 (2641563) [INFO]	Progress 64.25%
2026-05-10 13:09:04 (2641563) [INFO]	Progress 64.37%
2026-05-10 13:09:06 (2641563) [INFO]	Progress 64.49%
2026-05-10 13:09:07 (2641563) [INFO]	Progress 64.61%
2026-05-10 13:09:07 (2641563) [INFO]	Progress 64.73%
2026-05-10 13:09:07 (2641563) [INFO]	Progress 64.85%
2026-05-10 13:09:08 (2641563) [INFO]	Progress 64.96%
2026-05-10 13:09:08 (2641563) [INFO]	Progress 65.08%
2026-05-10 13:09:10 (2641563) [INFO]	Progress 65.2%
2026-05-10 13:09:10 (2641563) [INFO]	Progress 65.32%
2026-05-10 13:09:11 (2641563) [INFO]	Progress 65.44%
2026-05-10 13:09:12 (2641563) [INFO]	Progress 65.56%
2026-05-10 13:09:12 (2641563) [INFO]	Progress 65.68%
2026-05-10 13:09:13 (2641563) [INFO]	Progress 65.8%
2026-05-10 13:09:16 (2641563) [INFO]	Progress 65.91%
2026-05-10 13:09:17 (2641563) [INFO]	Progress 66.27%
2026-05-10 13:09:18 (2641563) [INFO]	Progress 66.39%
2026-05-10 13:09:19 (2641563) [INFO]	Progress 66.51%
2026-05-10 13:09:20 (2641563) [INFO]	Progress 66.63%
2026-05-10 13:09:23 (2641563) [INFO]	Progress 66.75%
2026-05-10 13:09:23 (2641563) [INFO]	Progress 66.86%
2026-05-10 13:09:25 (2641563) [INFO]	Progress 66.98%
2026-05-10 13:09:25 (2641563) [INFO]	Progress 67.1%
2026-05-10 13:09:25 (2641563) [INFO]	Progress 67.22%
2026-05-10 13:09:26 (2641563) [INFO]	Progress 67.34%
2026-05-10 13:09:29 (2641563) [INFO]	Progress 67.46%
2026-05-10 13:09:29 (2641563) [INFO]	Progress 67.58%
2026-05-10 13:09:29 (2641563) [INFO]	Progress 67.7%
2026-05-10 13:09:30 (2641563) [INFO]	Progress 67.81%
2026-05-10 13:09:30 (2641563) [INFO]	Progress 68.05%
2026-05-10 13:09:34 (2641563) [INFO]	Progress 68.17%
2026-05-10 13:09:34 (2641563) [INFO]	Progress 68.41%
2026-05-10 13:09:35 (2641563) [INFO]	Progress 68.53%
2026-05-10 13:09:36 (2641563) [INFO]	Progress 68.65%
2026-05-10 13:09:37 (2641563) [INFO]	Progress 68.76%
2026-05-10 13:09:37 (2641563) [INFO]	Progress 68.88%
2026-05-10 13:09:38 (2641563) [INFO]	Progress 69.0%
2026-05-10 13:09:38 (2641563) [INFO]	Progress 69.24%
2026-05-10 13:09:38 (2641563) [INFO]	Progress 69.36%
2026-05-10 13:09:39 (2641563) [INFO]	Progress 69.6%
2026-05-10 13:09:40 (2641563) [INFO]	Progress 69.71%
2026-05-10 13:09:45 (2641563) [INFO]	Progress 69.95%
2026-05-10 13:09:45 (2641563) [INFO]	Progress 70.07%
2026-05-10 13:09:45 (2641563) [INFO]	Progress 70.19%
2026-05-10 13:09:46 (2641563) [INFO]	Progress 70.31%
2026-05-10 13:09:46 (2641563) [INFO]	Progress 70.43%
2026-05-10 13:09:46 (2641563) [INFO]	Progress 70.55%
2026-05-10 13:09:46 (2641563) [INFO]	Progress 70.67%
2026-05-10 13:09:46 (2641563) [INFO]	Progress 70.9%
2026-05-10 13:09:47 (2641563) [INFO]	Progress 71.02%
2026-05-10 13:09:47 (2641563) [INFO]	Progress 71.14%
2026-05-10 13:09:49 (2641563) [INFO]	Progress 71.26%
2026-05-10 13:09:49 (2641563) [INFO]	Progress 71.38%
2026-05-10 13:09:50 (2641563) [INFO]	Progress 71.5%
2026-05-10 13:09:51 (2641563) [INFO]	Progress 71.62%
2026-05-10 13:09:51 (2641563) [INFO]	Progress 71.73%
2026-05-10 13:09:52 (2641563) [INFO]	Progress 71.85%
2026-05-10 13:09:52 (2641563) [INFO]	Progress 71.97%
2026-05-10 13:09:53 (2641563) [INFO]	Progress 72.09%
2026-05-10 13:09:54 (2641563) [INFO]	Progress 72.21%
2026-05-10 13:09:54 (2641563) [INFO]	Progress 72.33%
2026-05-10 13:09:55 (2641563) [INFO]	Progress 72.45%
2026-05-10 13:09:56 (2641563) [INFO]	Progress 72.57%
2026-05-10 13:09:58 (2641563) [INFO]	Progress 72.68%
2026-05-10 13:10:03 (2641563) [INFO]	Progress 72.8%
2026-05-10 13:10:03 (2641563) [INFO]	Progress 72.92%
2026-05-10 13:10:09 (2641563) [INFO]	Progress 73.04%
2026-05-10 13:10:09 (2641563) [INFO]	Progress 73.16%
2026-05-10 13:10:09 (2641563) [INFO]	Progress 73.28%
2026-05-10 13:10:10 (2641563) [INFO]	Progress 73.4%
2026-05-10 13:10:12 (2641563) [INFO]	Progress 73.52%
2026-05-10 13:10:13 (2641563) [INFO]	Progress 73.63%
2026-05-10 13:10:14 (2641563) [INFO]	Progress 73.75%
2026-05-10 13:10:15 (2641563) [INFO]	Progress 73.87%
2026-05-10 13:10:16 (2641563) [INFO]	Progress 73.99%
2026-05-10 13:10:17 (2641563) [INFO]	Progress 74.11%
2026-05-10 13:10:21 (2641563) [INFO]	Progress 74.23%
2026-05-10 13:10:21 (2641563) [INFO]	Progress 74.35%
2026-05-10 13:10:22 (2641563) [INFO]	Progress 74.47%
2026-05-10 13:10:23 (2641563) [INFO]	Progress 74.58%
2026-05-10 13:10:23 (2641563) [INFO]	Progress 74.7%
2026-05-10 13:10:24 (2641563) [INFO]	Progress 74.82%
2026-05-10 13:10:25 (2641563) [INFO]	Progress 74.94%
2026-05-10 13:10:25 (2641563) [INFO]	Progress 75.18%
2026-05-10 13:10:26 (2641563) [INFO]	Progress 75.3%
2026-05-10 13:10:26 (2641563) [INFO]	Progress 75.42%
2026-05-10 13:10:26 (2641563) [INFO]	Progress 75.53%
2026-05-10 13:10:28 (2641563) [INFO]	Progress 75.65%
2026-05-10 13:10:29 (2641563) [INFO]	Progress 75.89%
2026-05-10 13:10:30 (2641563) [INFO]	Progress 76.01%
2026-05-10 13:10:32 (2641563) [INFO]	Progress 76.13%
2026-05-10 13:10:33 (2641563) [INFO]	Progress 76.25%
2026-05-10 13:10:34 (2641563) [INFO]	Progress 76.37%
2026-05-10 13:10:36 (2641563) [INFO]	Progress 76.48%
2026-05-10 13:10:36 (2641563) [INFO]	Progress 76.6%
2026-05-10 13:10:36 (2641563) [INFO]	Progress 76.84%
2026-05-10 13:10:36 (2641563) [INFO]	Progress 76.96%
2026-05-10 13:10:38 (2641563) [INFO]	Progress 77.08%
2026-05-10 13:10:39 (2641563) [INFO]	Progress 77.2%
2026-05-10 13:10:39 (2641563) [INFO]	Progress 77.32%
2026-05-10 13:10:39 (2641563) [INFO]	Progress 77.43%
2026-05-10 13:10:39 (2641563) [INFO]	Progress 77.55%
2026-05-10 13:10:41 (2641563) [INFO]	Progress 77.67%
2026-05-10 13:10:42 (2641563) [INFO]	Progress 77.79%
2026-05-10 13:10:43 (2641563) [INFO]	Progress 77.91%
2026-05-10 13:10:44 (2641563) [INFO]	Progress 78.03%
2026-05-10 13:10:46 (2641563) [INFO]	Progress 78.15%
2026-05-10 13:10:47 (2641563) [INFO]	Progress 78.27%
2026-05-10 13:10:49 (2641563) [INFO]	Progress 78.38%
2026-05-10 13:10:50 (2641563) [INFO]	Progress 78.5%
2026-05-10 13:10:50 (2641563) [INFO]	Progress 78.62%
2026-05-10 13:10:51 (2641563) [INFO]	Progress 78.74%
2026-05-10 13:10:51 (2641563) [INFO]	Progress 78.86%
2026-05-10 13:10:52 (2641563) [INFO]	Progress 78.98%
2026-05-10 13:10:53 (2641563) [INFO]	Progress 79.1%
2026-05-10 13:10:54 (2641563) [INFO]	Progress 79.22%
2026-05-10 13:10:55 (2641563) [INFO]	Progress 79.33%
2026-05-10 13:10:57 (2641563) [INFO]	Progress 79.45%
2026-05-10 13:10:58 (2641563) [INFO]	Progress 79.69%
2026-05-10 13:10:58 (2641563) [INFO]	Progress 79.81%
2026-05-10 13:11:00 (2641563) [INFO]	Progress 79.93%
2026-05-10 13:11:02 (2641563) [INFO]	Progress 80.05%
2026-05-10 13:11:03 (2641563) [INFO]	Progress 80.17%
2026-05-10 13:11:04 (2641563) [INFO]	Progress 80.4%
2026-05-10 13:11:07 (2641563) [INFO]	Progress 80.52%
2026-05-10 13:11:10 (2641563) [INFO]	Progress 80.76%
2026-05-10 13:11:10 (2641563) [INFO]	Progress 80.88%
2026-05-10 13:11:13 (2641563) [INFO]	Progress 81.0%
2026-05-10 13:11:14 (2641563) [INFO]	Progress 81.12%
2026-05-10 13:11:14 (2641563) [INFO]	Progress 81.24%
2026-05-10 13:11:15 (2641563) [INFO]	Progress 81.35%
2026-05-10 13:11:15 (2641563) [INFO]	Progress 81.47%
2026-05-10 13:11:17 (2641563) [INFO]	Progress 81.59%
2026-05-10 13:11:20 (2641563) [INFO]	Progress 81.71%
2026-05-10 13:11:22 (2641563) [INFO]	Progress 81.83%
2026-05-10 13:11:23 (2641563) [INFO]	Progress 81.95%
2026-05-10 13:11:26 (2641563) [INFO]	Progress 82.07%
2026-05-10 13:11:26 (2641563) [INFO]	Progress 82.19%
2026-05-10 13:11:27 (2641563) [INFO]	Progress 82.3%
2026-05-10 13:11:27 (2641563) [INFO]	Progress 82.42%
2026-05-10 13:11:27 (2641563) [INFO]	Progress 82.54%
2026-05-10 13:11:28 (2641563) [INFO]	Progress 82.66%
2026-05-10 13:11:29 (2641563) [INFO]	Progress 82.78%
2026-05-10 13:11:33 (2641563) [INFO]	Progress 82.9%
2026-05-10 13:11:34 (2641563) [INFO]	Progress 83.02%
2026-05-10 13:11:35 (2641563) [INFO]	Progress 83.14%
2026-05-10 13:11:38 (2641563) [INFO]	Progress 83.25%
2026-05-10 13:11:41 (2641563) [INFO]	Progress 83.37%
2026-05-10 13:11:44 (2641563) [INFO]	Progress 83.49%
2026-05-10 13:11:47 (2641563) [INFO]	Progress 83.61%
2026-05-10 13:11:47 (2641563) [INFO]	Progress 83.73%
2026-05-10 13:11:47 (2641563) [INFO]	Progress 83.85%
2026-05-10 13:11:49 (2641563) [INFO]	Progress 83.97%
2026-05-10 13:11:50 (2641563) [INFO]	Progress 84.09%
2026-05-10 13:11:52 (2641563) [INFO]	Progress 84.2%
2026-05-10 13:11:53 (2641563) [INFO]	Progress 84.32%
2026-05-10 13:11:53 (2641563) [INFO]	Progress 84.44%
2026-05-10 13:11:54 (2641563) [INFO]	Progress 84.56%
2026-05-10 13:11:55 (2641563) [INFO]	Progress 84.68%
2026-05-10 13:11:59 (2641563) [INFO]	Progress 84.92%
2026-05-10 13:12:03 (2641563) [INFO]	Progress 85.04%
2026-05-10 13:12:03 (2641563) [INFO]	Progress 85.15%
2026-05-10 13:12:05 (2641563) [INFO]	Progress 85.27%
2026-05-10 13:12:07 (2641563) [INFO]	Progress 85.39%
2026-05-10 13:12:08 (2641563) [INFO]	Progress 85.51%
2026-05-10 13:12:09 (2641563) [INFO]	Progress 85.63%
2026-05-10 13:12:13 (2641563) [INFO]	Progress 85.75%
2026-05-10 13:12:14 (2641563) [INFO]	Progress 85.87%
2026-05-10 13:12:14 (2641563) [INFO]	Progress 85.99%
2026-05-10 13:12:15 (2641563) [INFO]	Progress 86.1%
2026-05-10 13:12:15 (2641563) [INFO]	Progress 86.22%
2026-05-10 13:12:16 (2641563) [INFO]	Progress 86.34%
2026-05-10 13:12:21 (2641563) [INFO]	Progress 86.46%
2026-05-10 13:12:23 (2641563) [INFO]	Progress 86.58%
2026-05-10 13:12:24 (2641563) [INFO]	Progress 86.7%
2026-05-10 13:12:24 (2641563) [INFO]	Progress 86.82%
2026-05-10 13:12:26 (2641563) [INFO]	Progress 86.94%
2026-05-10 13:12:26 (2641563) [INFO]	Progress 87.05%
2026-05-10 13:12:27 (2641563) [INFO]	Progress 87.17%
2026-05-10 13:12:27 (2641563) [INFO]	Progress 87.29%
2026-05-10 13:12:28 (2641563) [INFO]	Progress 87.41%
2026-05-10 13:12:31 (2641563) [INFO]	Progress 87.53%
2026-05-10 13:12:32 (2641563) [INFO]	Progress 87.65%
2026-05-10 13:12:35 (2641563) [INFO]	Progress 87.77%
2026-05-10 13:12:36 (2641563) [INFO]	Progress 87.89%
2026-05-10 13:12:37 (2641563) [INFO]	Progress 88.0%
2026-05-10 13:12:38 (2641563) [INFO]	Progress 88.12%
2026-05-10 13:12:39 (2641563) [INFO]	Progress 88.24%
2026-05-10 13:12:39 (2641563) [INFO]	Progress 88.36%
2026-05-10 13:12:44 (2641563) [INFO]	Progress 88.48%
2026-05-10 13:12:49 (2641563) [INFO]	Progress 88.6%
2026-05-10 13:12:49 (2641563) [INFO]	Progress 88.72%
2026-05-10 13:12:50 (2641563) [INFO]	Progress 88.84%
2026-05-10 13:12:50 (2641563) [INFO]	Progress 88.95%
2026-05-10 13:12:51 (2641563) [INFO]	Progress 89.07%
2026-05-10 13:12:53 (2641563) [INFO]	Progress 89.19%
2026-05-10 13:13:00 (2641563) [INFO]	Progress 89.31%
2026-05-10 13:13:00 (2641563) [INFO]	Progress 89.43%
2026-05-10 13:13:01 (2641563) [INFO]	Progress 89.55%
2026-05-10 13:13:01 (2641563) [INFO]	Progress 89.67%
2026-05-10 13:13:02 (2641563) [INFO]	Progress 89.79%
2026-05-10 13:13:03 (2641563) [INFO]	Progress 89.9%
2026-05-10 13:13:04 (2641563) [INFO]	Progress 90.02%
2026-05-10 13:13:05 (2641563) [INFO]	Progress 90.14%
2026-05-10 13:13:09 (2641563) [INFO]	Progress 90.26%
2026-05-10 13:13:10 (2641563) [INFO]	Progress 90.38%
2026-05-10 13:13:11 (2641563) [INFO]	Progress 90.5%
2026-05-10 13:13:11 (2641563) [INFO]	Progress 90.62%
2026-05-10 13:13:13 (2641563) [INFO]	Progress 90.74%
2026-05-10 13:13:15 (2641563) [INFO]	Progress 90.86%
2026-05-10 13:13:16 (2641563) [INFO]	Progress 90.97%
2026-05-10 13:13:17 (2641563) [INFO]	Progress 91.09%
2026-05-10 13:13:18 (2641563) [INFO]	Progress 91.21%
2026-05-10 13:13:19 (2641563) [INFO]	Progress 91.33%
2026-05-10 13:13:20 (2641563) [INFO]	Progress 91.45%
2026-05-10 13:13:20 (2641563) [INFO]	Progress 91.57%
2026-05-10 13:13:22 (2641563) [INFO]	Progress 91.69%
2026-05-10 13:13:23 (2641563) [INFO]	Progress 91.81%
2026-05-10 13:13:23 (2641563) [INFO]	Progress 91.92%
2026-05-10 13:13:27 (2641563) [INFO]	Progress 92.04%
2026-05-10 13:13:28 (2641563) [INFO]	Progress 92.16%
2026-05-10 13:13:28 (2641563) [INFO]	Progress 92.28%
2026-05-10 13:13:29 (2641563) [INFO]	Progress 92.4%
2026-05-10 13:13:29 (2641563) [INFO]	Progress 92.52%
2026-05-10 13:13:30 (2641563) [INFO]	Progress 92.64%
2026-05-10 13:13:30 (2641563) [INFO]	Progress 92.76%
2026-05-10 13:13:32 (2641563) [INFO]	Progress 92.87%
2026-05-10 13:13:34 (2641563) [INFO]	Progress 92.99%
2026-05-10 13:13:36 (2641563) [INFO]	Progress 93.11%
2026-05-10 13:13:37 (2641563) [INFO]	Progress 93.23%
2026-05-10 13:13:39 (2641563) [INFO]	Progress 93.35%
2026-05-10 13:13:40 (2641563) [INFO]	Progress 93.47%
2026-05-10 13:13:40 (2641563) [INFO]	Progress 93.59%
2026-05-10 13:13:42 (2641563) [INFO]	Progress 93.71%
2026-05-10 13:13:43 (2641563) [INFO]	Progress 93.82%
2026-05-10 13:13:46 (2641563) [INFO]	Progress 93.94%
2026-05-10 13:13:47 (2641563) [INFO]	Progress 94.06%
2026-05-10 13:13:48 (2641563) [INFO]	Progress 94.18%
2026-05-10 13:13:51 (2641563) [INFO]	Progress 94.3%
2026-05-10 13:13:51 (2641563) [INFO]	Progress 94.42%
2026-05-10 13:13:51 (2641563) [INFO]	Progress 94.54%
2026-05-10 13:13:54 (2641563) [INFO]	Progress 94.66%
2026-05-10 13:13:54 (2641563) [INFO]	Progress 94.77%
2026-05-10 13:13:54 (2641563) [INFO]	Progress 94.89%
2026-05-10 13:13:54 (2641563) [INFO]	Progress 95.01%
2026-05-10 13:13:56 (2641563) [INFO]	Progress 95.13%
2026-05-10 13:13:57 (2641563) [INFO]	Progress 95.25%
2026-05-10 13:13:58 (2641563) [INFO]	Progress 95.37%
2026-05-10 13:14:01 (2641563) [INFO]	Progress 95.49%
2026-05-10 13:14:02 (2641563) [INFO]	Progress 95.61%
2026-05-10 13:14:04 (2641563) [INFO]	Progress 95.72%
2026-05-10 13:14:05 (2641563) [INFO]	Progress 95.84%
2026-05-10 13:14:06 (2641563) [INFO]	Progress 95.96%
2026-05-10 13:14:08 (2641563) [INFO]	Progress 96.08%
2026-05-10 13:14:13 (2641563) [INFO]	Progress 96.2%
2026-05-10 13:14:15 (2641563) [INFO]	Progress 96.32%
2026-05-10 13:14:15 (2641563) [INFO]	Progress 96.44%
2026-05-10 13:14:21 (2641563) [INFO]	Progress 96.56%
2026-05-10 13:14:22 (2641563) [INFO]	Progress 96.67%
2026-05-10 13:14:22 (2641563) [INFO]	Progress 96.79%
2026-05-10 13:14:25 (2641563) [INFO]	Progress 96.91%
2026-05-10 13:14:26 (2641563) [INFO]	Progress 97.03%
2026-05-10 13:14:27 (2641563) [INFO]	Progress 97.15%
2026-05-10 13:14:28 (2641563) [INFO]	Progress 97.27%
2026-05-10 13:14:30 (2641563) [INFO]	Progress 97.39%
2026-05-10 13:14:31 (2641563) [INFO]	Progress 97.51%
2026-05-10 13:14:31 (2641563) [INFO]	Progress 97.62%
2026-05-10 13:14:33 (2641563) [INFO]	Progress 97.74%
2026-05-10 13:14:33 (2641563) [INFO]	Progress 97.86%
2026-05-10 13:14:34 (2641563) [INFO]	Progress 97.98%
2026-05-10 13:14:39 (2641563) [INFO]	Progress 98.1%
2026-05-10 13:14:41 (2641563) [INFO]	Progress 98.22%
2026-05-10 13:14:43 (2641563) [INFO]	Progress 98.34%
2026-05-10 13:14:44 (2641563) [INFO]	Progress 98.46%
2026-05-10 13:14:45 (2641563) [INFO]	Progress 98.57%
2026-05-10 13:14:46 (2641563) [INFO]	Progress 98.69%
2026-05-10 13:14:48 (2641563) [INFO]	Progress 98.81%
2026-05-10 13:14:49 (2641563) [INFO]	Progress 98.93%
2026-05-10 13:14:49 (2641563) [INFO]	Progress 99.05%
2026-05-10 13:14:51 (2641563) [INFO]	Progress 99.17%
2026-05-10 13:14:51 (2641563) [INFO]	Progress 99.29%
2026-05-10 13:14:52 (2641563) [INFO]	Progress 99.41%
2026-05-10 13:15:01 (2641563) [INFO]	Progress 99.52%
2026-05-10 13:15:01 (2641563) [INFO]	Progress 99.64%
2026-05-10 13:15:04 (2641563) [INFO]	Progress 99.76%
2026-05-10 13:15:07 (2641563) [INFO]	Progress 99.88%
2026-05-10 13:15:09 (2641563) [INFO]	Progress 100.0%
2026-05-10 13:15:09 (2641563) [INFO]	Progress done!
2026-05-10 13:15:09 (2641563) [INFO]	Concatenating results from subsets

2026-05-10 13:15:10 (2641563) [INFO]	Writing all_bindetect files
2026-05-10 13:15:11 (2641563) [INFO]	Creating BINDetect plot(s)
2026-05-10 13:15:11 (2641563) [INFO]	- KO / WT (static plot)
2026-05-10 13:15:41 (2641563) [INFO]	- KO / WT (interactive plot)

2026-05-10 13:15:41 (2641563) [INFO]	Finished BINDetect run (total time elapsed: 0:19:20.832182)
# TOBIAS 0.17.3 BINDetect (run started 2026-05-10 13:15:46.800446)
# Working directory: /projects/svankamamidi@xsede.org/Project_Tbet_ATACseq/2_TOBIAS_scripts
# Command line call: TOBIAS BINDetect --motifs /pl/active/getahun_lab/atacseq_refdata/JASPAR2022_CORE_vertebrates_non-redundant_pfms_meme/JASPAR2022_CORE_vertebrates.meme --signals /pl/active/getahun_lab/Project_tbet_ATACseq/TOBIAS/FootprintScores_Output/LG_KO.merged_footprints.bw /pl/active/getahun_lab/Project_tbet_ATACseq/TOBIAS/FootprintScores_Output/LG_WT.merged_footprints.bw --genome /pl/active/getahun_lab/atacseq_refdata/genomes/mm10_primary/mm10.fa --peaks /pl/active/getahun_lab/Project_tbet_ATACseq/consensus_peaks/ALL8_union_peaks.bed --outdir /pl/active/getahun_lab/Project_tbet_ATACseq/TOBIAS/BINDetect/LG_KO_vs_WT --cond_names KO WT --cores 18

# ----- Input parameters -----
# signals:	['/pl/active/getahun_lab/Project_tbet_ATACseq/TOBIAS/FootprintScores_Output/LG_KO.merged_footprints.bw', '/pl/active/getahun_lab/Project_tbet_ATACseq/TOBIAS/FootprintScores_Output/LG_WT.merged_footprints.bw']
# peaks:	/pl/active/getahun_lab/Project_tbet_ATACseq/consensus_peaks/ALL8_union_peaks.bed
# motifs:	['/pl/active/getahun_lab/atacseq_refdata/JASPAR2022_CORE_vertebrates_non-redundant_pfms_meme/JASPAR2022_CORE_vertebrates.meme']
# genome:	/pl/active/getahun_lab/atacseq_refdata/genomes/mm10_primary/mm10.fa
# cond_names:	['KO', 'WT']
# peak_header:	None
# naming:	name_id
# motif_pvalue:	0.0001
# bound_pvalue:	0.001
# cluster_threshold:	0.5
# pseudo:	None
# time_series:	False
# skip_excel:	False
# output_peaks:	None
# norm_off:	False
# prefix:	bindetect
# outdir:	/pl/active/getahun_lab/Project_tbet_ATACseq/TOBIAS/BINDetect/LG_KO_vs_WT
# cores:	18
# split:	100
# debug:	False
# verbosity:	3


# ----- Output files -----
# /pl/active/getahun_lab/Project_tbet_ATACseq/TOBIAS/BINDetect/LG_KO_vs_WT/*/beds/*_KO_bound.bed
# /pl/active/getahun_lab/Project_tbet_ATACseq/TOBIAS/BINDetect/LG_KO_vs_WT/*/beds/*_KO_unbound.bed
# /pl/active/getahun_lab/Project_tbet_ATACseq/TOBIAS/BINDetect/LG_KO_vs_WT/*/beds/*_WT_bound.bed
# /pl/active/getahun_lab/Project_tbet_ATACseq/TOBIAS/BINDetect/LG_KO_vs_WT/*/beds/*_WT_unbound.bed
# /pl/active/getahun_lab/Project_tbet_ATACseq/TOBIAS/BINDetect/LG_KO_vs_WT/*/beds/*_all.bed
# /pl/active/getahun_lab/Project_tbet_ATACseq/TOBIAS/BINDetect/LG_KO_vs_WT/*/plots/*_log2fcs.pdf
# /pl/active/getahun_lab/Project_tbet_ATACseq/TOBIAS/BINDetect/LG_KO_vs_WT/*/*_overview.txt
# /pl/active/getahun_lab/Project_tbet_ATACseq/TOBIAS/BINDetect/LG_KO_vs_WT/*/*_overview.xlsx
# /pl/active/getahun_lab/Project_tbet_ATACseq/TOBIAS/BINDetect/LG_KO_vs_WT/bindetect_distances.txt
# /pl/active/getahun_lab/Project_tbet_ATACseq/TOBIAS/BINDetect/LG_KO_vs_WT/bindetect_results.txt
# /pl/active/getahun_lab/Project_tbet_ATACseq/TOBIAS/BINDetect/LG_KO_vs_WT/bindetect_results.xlsx
# /pl/active/getahun_lab/Project_tbet_ATACseq/TOBIAS/BINDetect/LG_KO_vs_WT/bindetect_figures.pdf


2026-05-10 13:15:46 (2653628) [INFO]	----- Processing input data -----
2026-05-10 13:15:46 (2653628) [INFO]	Checking reading/writing of files
2026-05-10 13:15:47 (2653628) [INFO]	Reading peaks
2026-05-10 13:15:47 (2653628) [INFO]	- Found 168221 regions in input peaks
2026-05-10 13:15:47 (2653628) [INFO]	- Merged to 168221 regions
2026-05-10 13:15:47 (2653628) [INFO]	Checking for match between --peaks and --fasta/--signals boundaries
2026-05-10 13:15:47 (2653628) [INFO]	- Comparing peaks to /pl/active/getahun_lab/atacseq_refdata/genomes/mm10_primary/mm10.fa
2026-05-10 13:15:47 (2653628) [INFO]	- Comparing peaks to /pl/active/getahun_lab/Project_tbet_ATACseq/TOBIAS/FootprintScores_Output/LG_KO.merged_footprints.bw
2026-05-10 13:15:47 (2653628) [INFO]	- Comparing peaks to /pl/active/getahun_lab/Project_tbet_ATACseq/TOBIAS/FootprintScores_Output/LG_WT.merged_footprints.bw
2026-05-10 13:15:48 (2653628) [INFO]	Estimating GC content from peak sequences
2026-05-10 13:15:49 (2653628) [INFO]	- GC content estimated at 47.34%
2026-05-10 13:15:49 (2653628) [INFO]	Reading motifs from file
2026-05-10 13:15:49 (2653628) [INFO]	- Read 842 motifs
2026-05-10 13:15:49 (2653628) [WARNING]	The motif output names (as given by --naming) are not unique.
2026-05-10 13:15:49 (2653628) [WARNING]	The following names occur more than once: ['MA0002.2.RUNX1_MA0002.2']
2026-05-10 13:15:49 (2653628) [WARNING]	These motifs will be renamed with '_1', '_2' etc. To prevent this renaming, please make the names of the input --motifs unique
2026-05-10 13:15:50 (2653628) [INFO]	Creating folder structure for each TF
2026-05-10 13:15:53 (2653628) [INFO]	Plotting sequence logos for each motif
2026-05-10 13:15:53 (2653628) [INFO]	Progress 0%
2026-05-10 13:15:53 (2653628) [INFO]	Progress 0.48%
2026-05-10 13:15:53 (2653628) [INFO]	Progress 1.31%
2026-05-10 13:15:53 (2653628) [INFO]	Progress 2.14%
2026-05-10 13:15:53 (2653628) [INFO]	Progress 2.61%
2026-05-10 13:15:53 (2653628) [INFO]	Progress 3.21%
2026-05-10 13:15:54 (2653628) [INFO]	Progress 3.68%
2026-05-10 13:15:54 (2653628) [INFO]	Progress 4.39%
2026-05-10 13:15:54 (2653628) [INFO]	Progress 4.87%
2026-05-10 13:15:54 (2653628) [INFO]	Progress 5.58%
2026-05-10 13:15:54 (2653628) [INFO]	Progress 6.06%
2026-05-10 13:15:54 (2653628) [INFO]	Progress 6.65%
2026-05-10 13:15:54 (2653628) [INFO]	Progress 7.24%
2026-05-10 13:15:54 (2653628) [INFO]	Progress 8.31%
2026-05-10 13:15:54 (2653628) [INFO]	Progress 8.43%
2026-05-10 13:15:54 (2653628) [INFO]	Progress 8.55%
2026-05-10 13:15:54 (2653628) [INFO]	Progress 9.14%
2026-05-10 13:15:55 (2653628) [INFO]	Progress 9.62%
2026-05-10 13:15:55 (2653628) [INFO]	Progress 10.81%
2026-05-10 13:15:55 (2653628) [INFO]	Progress 11.05%
2026-05-10 13:15:55 (2653628) [INFO]	Progress 11.4%
2026-05-10 13:15:55 (2653628) [INFO]	Progress 12.11%
2026-05-10 13:15:55 (2653628) [INFO]	Progress 12.59%
2026-05-10 13:15:55 (2653628) [INFO]	Progress 13.06%
2026-05-10 13:15:55 (2653628) [INFO]	Progress 13.9%
2026-05-10 13:15:55 (2653628) [INFO]	Progress 14.37%
2026-05-10 13:15:55 (2653628) [INFO]	Progress 15.08%
2026-05-10 13:15:56 (2653628) [INFO]	Progress 15.56%
2026-05-10 13:15:56 (2653628) [INFO]	Progress 16.15%
2026-05-10 13:15:56 (2653628) [INFO]	Progress 16.98%
2026-05-10 13:15:56 (2653628) [INFO]	Progress 17.58%
2026-05-10 13:15:56 (2653628) [INFO]	Progress 17.93%
2026-05-10 13:15:56 (2653628) [INFO]	Progress 18.76%
2026-05-10 13:15:56 (2653628) [INFO]	Progress 19.12%
2026-05-10 13:15:56 (2653628) [INFO]	Progress 19.71%
2026-05-10 13:15:56 (2653628) [INFO]	Progress 20.55%
2026-05-10 13:15:56 (2653628) [INFO]	Progress 21.26%
2026-05-10 13:15:57 (2653628) [INFO]	Progress 21.62%
2026-05-10 13:15:57 (2653628) [INFO]	Progress 22.33%
2026-05-10 13:15:57 (2653628) [INFO]	Progress 23.16%
2026-05-10 13:15:57 (2653628) [INFO]	Progress 23.28%
2026-05-10 13:15:57 (2653628) [INFO]	Progress 23.75%
2026-05-10 13:15:57 (2653628) [INFO]	Progress 24.23%
2026-05-10 13:15:57 (2653628) [INFO]	Progress 25.3%
2026-05-10 13:15:57 (2653628) [INFO]	Progress 25.89%
2026-05-10 13:15:57 (2653628) [INFO]	Progress 26.37%
2026-05-10 13:15:57 (2653628) [INFO]	Progress 27.2%
2026-05-10 13:15:57 (2653628) [INFO]	Progress 27.91%
2026-05-10 13:15:58 (2653628) [INFO]	Progress 28.74%
2026-05-10 13:15:58 (2653628) [INFO]	Progress 29.33%
2026-05-10 13:15:58 (2653628) [INFO]	Progress 29.93%
2026-05-10 13:15:58 (2653628) [INFO]	Progress 30.64%
2026-05-10 13:15:58 (2653628) [INFO]	Progress 31.47%
2026-05-10 13:15:58 (2653628) [INFO]	Progress 32.19%
2026-05-10 13:15:58 (2653628) [INFO]	Progress 32.3%
2026-05-10 13:15:58 (2653628) [INFO]	Progress 32.9%
2026-05-10 13:15:58 (2653628) [INFO]	Progress 33.02%
2026-05-10 13:15:58 (2653628) [INFO]	Progress 34.09%
2026-05-10 13:15:59 (2653628) [INFO]	Progress 34.8%
2026-05-10 13:15:59 (2653628) [INFO]	Progress 35.04%
2026-05-10 13:15:59 (2653628) [INFO]	Progress 36.34%
2026-05-10 13:15:59 (2653628) [INFO]	Progress 36.82%
2026-05-10 13:15:59 (2653628) [INFO]	Progress 37.65%
2026-05-10 13:15:59 (2653628) [INFO]	Progress 38.6%
2026-05-10 13:15:59 (2653628) [INFO]	Progress 39.07%
2026-05-10 13:15:59 (2653628) [INFO]	Progress 39.9%
2026-05-10 13:15:59 (2653628) [INFO]	Progress 40.62%
2026-05-10 13:16:00 (2653628) [INFO]	Progress 40.97%
2026-05-10 13:16:00 (2653628) [INFO]	Progress 41.57%
2026-05-10 13:16:00 (2653628) [INFO]	Progress 42.28%
2026-05-10 13:16:00 (2653628) [INFO]	Progress 42.4%
2026-05-10 13:16:00 (2653628) [INFO]	Progress 42.99%
2026-05-10 13:16:00 (2653628) [INFO]	Progress 43.71%
2026-05-10 13:16:00 (2653628) [INFO]	Progress 44.42%
2026-05-10 13:16:00 (2653628) [INFO]	Progress 44.77%
2026-05-10 13:16:00 (2653628) [INFO]	Progress 45.49%
2026-05-10 13:16:00 (2653628) [INFO]	Progress 46.32%
2026-05-10 13:16:00 (2653628) [INFO]	Progress 46.79%
2026-05-10 13:16:01 (2653628) [INFO]	Progress 47.74%
2026-05-10 13:16:01 (2653628) [INFO]	Progress 48.1%
2026-05-10 13:16:01 (2653628) [INFO]	Progress 48.93%
2026-05-10 13:16:01 (2653628) [INFO]	Progress 49.88%
2026-05-10 13:16:01 (2653628) [INFO]	Progress 50.48%
2026-05-10 13:16:01 (2653628) [INFO]	Progress 50.59%
2026-05-10 13:16:01 (2653628) [INFO]	Progress 51.78%
2026-05-10 13:16:01 (2653628) [INFO]	Progress 52.38%
2026-05-10 13:16:01 (2653628) [INFO]	Progress 52.97%
2026-05-10 13:16:01 (2653628) [INFO]	Progress 53.21%
2026-05-10 13:16:02 (2653628) [INFO]	Progress 54.04%
2026-05-10 13:16:02 (2653628) [INFO]	Progress 54.75%
2026-05-10 13:16:02 (2653628) [INFO]	Progress 55.34%
2026-05-10 13:16:02 (2653628) [INFO]	Progress 56.06%
2026-05-10 13:16:02 (2653628) [INFO]	Progress 56.77%
2026-05-10 13:16:02 (2653628) [INFO]	Progress 57.13%
2026-05-10 13:16:02 (2653628) [INFO]	Progress 58.08%
2026-05-10 13:16:02 (2653628) [INFO]	Progress 58.55%
2026-05-10 13:16:02 (2653628) [INFO]	Progress 58.67%
2026-05-10 13:16:02 (2653628) [INFO]	Progress 59.26%
2026-05-10 13:16:02 (2653628) [INFO]	Progress 60.21%
2026-05-10 13:16:03 (2653628) [INFO]	Progress 60.81%
2026-05-10 13:16:03 (2653628) [INFO]	Progress 60.93%
2026-05-10 13:16:03 (2653628) [INFO]	Progress 62.11%
2026-05-10 13:16:03 (2653628) [INFO]	Progress 62.71%
2026-05-10 13:16:03 (2653628) [INFO]	Progress 63.06%
2026-05-10 13:16:03 (2653628) [INFO]	Progress 64.01%
2026-05-10 13:16:03 (2653628) [INFO]	Progress 64.61%
2026-05-10 13:16:03 (2653628) [INFO]	Progress 65.2%
2026-05-10 13:16:03 (2653628) [INFO]	Progress 65.8%
2026-05-10 13:16:03 (2653628) [INFO]	Progress 66.27%
2026-05-10 13:16:04 (2653628) [INFO]	Progress 66.98%
2026-05-10 13:16:04 (2653628) [INFO]	Progress 67.46%
2026-05-10 13:16:04 (2653628) [INFO]	Progress 68.17%
2026-05-10 13:16:04 (2653628) [INFO]	Progress 69.0%
2026-05-10 13:16:04 (2653628) [INFO]	Progress 69.6%
2026-05-10 13:16:04 (2653628) [INFO]	Progress 70.43%
2026-05-10 13:16:04 (2653628) [INFO]	Progress 71.02%
2026-05-10 13:16:04 (2653628) [INFO]	Progress 72.21%
2026-05-10 13:16:04 (2653628) [INFO]	Progress 72.45%
2026-05-10 13:16:04 (2653628) [INFO]	Progress 73.28%
2026-05-10 13:16:05 (2653628) [INFO]	Progress 73.87%
2026-05-10 13:16:05 (2653628) [INFO]	Progress 74.58%
2026-05-10 13:16:05 (2653628) [INFO]	Progress 74.94%
2026-05-10 13:16:05 (2653628) [INFO]	Progress 75.53%
2026-05-10 13:16:05 (2653628) [INFO]	Progress 76.13%
2026-05-10 13:16:05 (2653628) [INFO]	Progress 76.96%
2026-05-10 13:16:05 (2653628) [INFO]	Progress 77.2%
2026-05-10 13:16:05 (2653628) [INFO]	Progress 78.27%
2026-05-10 13:16:05 (2653628) [INFO]	Progress 78.74%
2026-05-10 13:16:05 (2653628) [INFO]	Progress 79.33%
2026-05-10 13:16:06 (2653628) [INFO]	Progress 79.81%
2026-05-10 13:16:06 (2653628) [INFO]	Progress 80.4%
2026-05-10 13:16:06 (2653628) [INFO]	Progress 81.0%
2026-05-10 13:16:06 (2653628) [INFO]	Progress 81.24%
2026-05-10 13:16:06 (2653628) [INFO]	Progress 81.71%
2026-05-10 13:16:06 (2653628) [INFO]	Progress 82.54%
2026-05-10 13:16:06 (2653628) [INFO]	Progress 83.14%
2026-05-10 13:16:06 (2653628) [INFO]	Progress 83.73%
2026-05-10 13:16:06 (2653628) [INFO]	Progress 83.97%
2026-05-10 13:16:06 (2653628) [INFO]	Progress 85.04%
2026-05-10 13:16:07 (2653628) [INFO]	Progress 85.51%
2026-05-10 13:16:07 (2653628) [INFO]	Progress 85.87%
2026-05-10 13:16:07 (2653628) [INFO]	Progress 86.58%
2026-05-10 13:16:07 (2653628) [INFO]	Progress 87.17%
2026-05-10 13:16:07 (2653628) [INFO]	Progress 87.89%
2026-05-10 13:16:07 (2653628) [INFO]	Progress 88.36%
2026-05-10 13:16:07 (2653628) [INFO]	Progress 88.72%
2026-05-10 13:16:07 (2653628) [INFO]	Progress 89.19%
2026-05-10 13:16:07 (2653628) [INFO]	Progress 89.67%
2026-05-10 13:16:07 (2653628) [INFO]	Progress 90.38%
2026-05-10 13:16:08 (2653628) [INFO]	Progress 90.86%
2026-05-10 13:16:08 (2653628) [INFO]	Progress 91.21%
2026-05-10 13:16:08 (2653628) [INFO]	Progress 91.57%
2026-05-10 13:16:08 (2653628) [INFO]	Progress 92.16%
2026-05-10 13:16:08 (2653628) [INFO]	Progress 92.76%
2026-05-10 13:16:08 (2653628) [INFO]	Progress 93.11%
2026-05-10 13:16:08 (2653628) [INFO]	Progress 93.82%
2026-05-10 13:16:08 (2653628) [INFO]	Progress 94.42%
2026-05-10 13:16:08 (2653628) [INFO]	Progress 95.13%
2026-05-10 13:16:08 (2653628) [INFO]	Progress 95.61%
2026-05-10 13:16:09 (2653628) [INFO]	Progress 96.08%
2026-05-10 13:16:09 (2653628) [INFO]	Progress 96.32%
2026-05-10 13:16:09 (2653628) [INFO]	Progress 96.67%
2026-05-10 13:16:09 (2653628) [INFO]	Progress 97.62%
2026-05-10 13:16:09 (2653628) [INFO]	Progress 97.86%
2026-05-10 13:16:09 (2653628) [INFO]	Progress 98.34%
2026-05-10 13:16:09 (2653628) [INFO]	Progress 99.41%
2026-05-10 13:16:09 (2653628) [INFO]	Progress 100.0%
2026-05-10 13:16:09 (2653628) [INFO]	Progress done!


2026-05-10 13:16:10 (2653628) [INFO]	Scanning for motifs and matching to signals...
2026-05-10 13:16:10 (2653628) [INFO]	Progress 0%
2026-05-10 13:16:37 (2653628) [INFO]	Progress 1.0%
2026-05-10 13:16:38 (2653628) [INFO]	Progress 2.0%
2026-05-10 13:16:38 (2653628) [INFO]	Progress 3.0%
2026-05-10 13:16:39 (2653628) [INFO]	Progress 4.0%
2026-05-10 13:16:40 (2653628) [INFO]	Progress 5.0%
2026-05-10 13:16:40 (2653628) [INFO]	Progress 6.0%
2026-05-10 13:16:41 (2653628) [INFO]	Progress 7.0%
2026-05-10 13:16:42 (2653628) [INFO]	Progress 8.0%
2026-05-10 13:16:42 (2653628) [INFO]	Progress 9.0%
2026-05-10 13:16:42 (2653628) [INFO]	Progress 10.0%
2026-05-10 13:16:43 (2653628) [INFO]	Progress 11.0%
2026-05-10 13:16:43 (2653628) [INFO]	Progress 12.0%
2026-05-10 13:16:43 (2653628) [INFO]	Progress 13.0%
2026-05-10 13:16:45 (2653628) [INFO]	Progress 15.0%
2026-05-10 13:16:45 (2653628) [INFO]	Progress 16.0%
2026-05-10 13:16:53 (2653628) [INFO]	Progress 17.0%
2026-05-10 13:17:09 (2653628) [INFO]	Progress 19.0%
2026-05-10 13:17:09 (2653628) [INFO]	Progress 20.0%
2026-05-10 13:17:10 (2653628) [INFO]	Progress 21.0%
2026-05-10 13:17:12 (2653628) [INFO]	Progress 22.0%
2026-05-10 13:17:12 (2653628) [INFO]	Progress 23.0%
2026-05-10 13:17:13 (2653628) [INFO]	Progress 25.0%
2026-05-10 13:17:13 (2653628) [INFO]	Progress 26.0%
2026-05-10 13:17:14 (2653628) [INFO]	Progress 27.0%
2026-05-10 13:17:14 (2653628) [INFO]	Progress 28.0%
2026-05-10 13:17:15 (2653628) [INFO]	Progress 30.0%
2026-05-10 13:17:15 (2653628) [INFO]	Progress 31.0%
2026-05-10 13:17:16 (2653628) [INFO]	Progress 32.0%
2026-05-10 13:17:18 (2653628) [INFO]	Progress 33.0%
2026-05-10 13:17:24 (2653628) [INFO]	Progress 34.0%
2026-05-10 13:17:40 (2653628) [INFO]	Progress 35.0%
2026-05-10 13:17:43 (2653628) [INFO]	Progress 36.0%
2026-05-10 13:17:43 (2653628) [INFO]	Progress 37.0%
2026-05-10 13:17:43 (2653628) [INFO]	Progress 38.0%
2026-05-10 13:17:43 (2653628) [INFO]	Progress 39.0%
2026-05-10 13:17:43 (2653628) [INFO]	Progress 40.0%
2026-05-10 13:17:44 (2653628) [INFO]	Progress 41.0%
2026-05-10 13:17:45 (2653628) [INFO]	Progress 42.0%
2026-05-10 13:17:46 (2653628) [INFO]	Progress 43.0%
2026-05-10 13:17:46 (2653628) [INFO]	Progress 44.0%
2026-05-10 13:17:47 (2653628) [INFO]	Progress 45.0%
2026-05-10 13:17:48 (2653628) [INFO]	Progress 46.0%
2026-05-10 13:17:48 (2653628) [INFO]	Progress 47.0%
2026-05-10 13:17:49 (2653628) [INFO]	Progress 48.0%
2026-05-10 13:17:53 (2653628) [INFO]	Progress 49.0%
2026-05-10 13:17:57 (2653628) [INFO]	Progress 50.0%
2026-05-10 13:17:59 (2653628) [INFO]	Progress 51.0%
2026-05-10 13:18:08 (2653628) [INFO]	Progress 52.0%
2026-05-10 13:18:12 (2653628) [INFO]	Progress 53.0%
2026-05-10 13:18:13 (2653628) [INFO]	Progress 54.0%
2026-05-10 13:18:14 (2653628) [INFO]	Progress 55.0%
2026-05-10 13:18:16 (2653628) [INFO]	Progress 56.0%
2026-05-10 13:18:16 (2653628) [INFO]	Progress 58.0%
2026-05-10 13:18:16 (2653628) [INFO]	Progress 59.0%
2026-05-10 13:18:18 (2653628) [INFO]	Progress 60.0%
2026-05-10 13:18:19 (2653628) [INFO]	Progress 61.0%
2026-05-10 13:18:20 (2653628) [INFO]	Progress 62.0%
2026-05-10 13:18:23 (2653628) [INFO]	Progress 63.0%
2026-05-10 13:18:24 (2653628) [INFO]	Progress 64.0%
2026-05-10 13:18:25 (2653628) [INFO]	Progress 65.0%
2026-05-10 13:18:25 (2653628) [INFO]	Progress 66.0%
2026-05-10 13:18:26 (2653628) [INFO]	Progress 67.0%
2026-05-10 13:18:34 (2653628) [INFO]	Progress 68.0%
2026-05-10 13:18:44 (2653628) [INFO]	Progress 70.0%
2026-05-10 13:18:45 (2653628) [INFO]	Progress 71.0%
2026-05-10 13:18:46 (2653628) [INFO]	Progress 72.0%
2026-05-10 13:18:47 (2653628) [INFO]	Progress 73.0%
2026-05-10 13:18:47 (2653628) [INFO]	Progress 74.0%
2026-05-10 13:18:50 (2653628) [INFO]	Progress 75.0%
2026-05-10 13:18:51 (2653628) [INFO]	Progress 76.0%
2026-05-10 13:18:51 (2653628) [INFO]	Progress 77.0%
2026-05-10 13:18:52 (2653628) [INFO]	Progress 78.0%
2026-05-10 13:18:53 (2653628) [INFO]	Progress 79.0%
2026-05-10 13:18:56 (2653628) [INFO]	Progress 80.0%
2026-05-10 13:18:58 (2653628) [INFO]	Progress 81.0%
2026-05-10 13:18:58 (2653628) [INFO]	Progress 82.0%
2026-05-10 13:19:02 (2653628) [INFO]	Progress 83.0%
2026-05-10 13:19:07 (2653628) [INFO]	Progress 84.0%
2026-05-10 13:19:08 (2653628) [INFO]	Progress 85.0%
2026-05-10 13:19:15 (2653628) [INFO]	Progress 86.0%
2026-05-10 13:19:15 (2653628) [INFO]	Progress 87.0%
2026-05-10 13:19:16 (2653628) [INFO]	Progress 88.0%
2026-05-10 13:19:17 (2653628) [INFO]	Progress 89.0%
2026-05-10 13:19:21 (2653628) [INFO]	Progress 90.0%
2026-05-10 13:19:22 (2653628) [INFO]	Progress 91.0%
2026-05-10 13:19:22 (2653628) [INFO]	Progress 92.0%
2026-05-10 13:19:24 (2653628) [INFO]	Progress 93.0%
2026-05-10 13:19:25 (2653628) [INFO]	Progress 94.0%
2026-05-10 13:19:26 (2653628) [INFO]	Progress 95.0%
2026-05-10 13:19:26 (2653628) [INFO]	Progress 96.0%
2026-05-10 13:19:26 (2653628) [INFO]	Progress 97.0%
2026-05-10 13:19:27 (2653628) [INFO]	Progress 99.0%
2026-05-10 13:19:28 (2653628) [INFO]	Progress 100.0%
2026-05-10 13:19:28 (2653628) [INFO]	Progress done!
2026-05-10 13:19:28 (2653628) [INFO]	Done scanning for TFBS across regions!
2026-05-10 13:19:28 (2653628) [INFO]	Waiting for bedfiles to write
2026-05-10 13:19:30 (2653628) [INFO]	Merging results from subsets

2026-05-10 13:20:04 (2653628) [INFO]	Normalizing scores across conditions
2026-05-10 13:20:08 (2653628) [INFO]	Estimating bound/unbound threshold
2026-05-10 13:20:15 (2653628) [STATS]	- Threshold estimated at: 0.09753

2026-05-10 13:20:15 (2653628) [INFO]	Calculating background log2 fold-changes between conditions
2026-05-10 13:20:15 (2653628) [INFO]	- KO / WT

2026-05-10 13:20:15 (2653628) [INFO]	Processing scanned TFBS individually
2026-05-10 13:20:16 (2653628) [INFO]	Progress 0%
2026-05-10 13:20:18 (2653628) [INFO]	Progress 0.12%
2026-05-10 13:20:20 (2653628) [INFO]	Progress 0.24%
2026-05-10 13:20:23 (2653628) [INFO]	Progress 0.36%
2026-05-10 13:20:24 (2653628) [INFO]	Progress 0.48%
2026-05-10 13:20:25 (2653628) [INFO]	Progress 0.59%
2026-05-10 13:20:25 (2653628) [INFO]	Progress 0.71%
2026-05-10 13:20:25 (2653628) [INFO]	Progress 0.83%
2026-05-10 13:20:26 (2653628) [INFO]	Progress 0.95%
2026-05-10 13:20:26 (2653628) [INFO]	Progress 1.07%
2026-05-10 13:20:29 (2653628) [INFO]	Progress 1.19%
2026-05-10 13:20:30 (2653628) [INFO]	Progress 1.31%
2026-05-10 13:20:30 (2653628) [INFO]	Progress 1.43%
2026-05-10 13:20:30 (2653628) [INFO]	Progress 1.54%
2026-05-10 13:20:31 (2653628) [INFO]	Progress 1.66%
2026-05-10 13:20:34 (2653628) [INFO]	Progress 1.78%
2026-05-10 13:20:36 (2653628) [INFO]	Progress 1.9%
2026-05-10 13:20:37 (2653628) [INFO]	Progress 2.02%
2026-05-10 13:20:38 (2653628) [INFO]	Progress 2.14%
2026-05-10 13:20:38 (2653628) [INFO]	Progress 2.26%
2026-05-10 13:20:38 (2653628) [INFO]	Progress 2.38%
2026-05-10 13:20:40 (2653628) [INFO]	Progress 2.49%
2026-05-10 13:20:41 (2653628) [INFO]	Progress 2.61%
2026-05-10 13:20:43 (2653628) [INFO]	Progress 2.73%
2026-05-10 13:20:43 (2653628) [INFO]	Progress 2.85%
2026-05-10 13:20:43 (2653628) [INFO]	Progress 2.97%
2026-05-10 13:20:44 (2653628) [INFO]	Progress 3.09%
2026-05-10 13:20:45 (2653628) [INFO]	Progress 3.21%
2026-05-10 13:20:46 (2653628) [INFO]	Progress 3.33%
2026-05-10 13:20:46 (2653628) [INFO]	Progress 3.44%
2026-05-10 13:20:47 (2653628) [INFO]	Progress 3.56%
2026-05-10 13:20:49 (2653628) [INFO]	Progress 3.68%
2026-05-10 13:20:50 (2653628) [INFO]	Progress 3.8%
2026-05-10 13:20:53 (2653628) [INFO]	Progress 3.92%
2026-05-10 13:20:53 (2653628) [INFO]	Progress 4.16%
2026-05-10 13:20:55 (2653628) [INFO]	Progress 4.28%
2026-05-10 13:20:55 (2653628) [INFO]	Progress 4.39%
2026-05-10 13:20:55 (2653628) [INFO]	Progress 4.51%
2026-05-10 13:20:56 (2653628) [INFO]	Progress 4.63%
2026-05-10 13:20:57 (2653628) [INFO]	Progress 4.75%
2026-05-10 13:21:00 (2653628) [INFO]	Progress 4.87%
2026-05-10 13:21:01 (2653628) [INFO]	Progress 4.99%
2026-05-10 13:21:03 (2653628) [INFO]	Progress 5.11%
2026-05-10 13:21:03 (2653628) [INFO]	Progress 5.23%
2026-05-10 13:21:05 (2653628) [INFO]	Progress 5.34%
2026-05-10 13:21:05 (2653628) [INFO]	Progress 5.46%
2026-05-10 13:21:06 (2653628) [INFO]	Progress 5.58%
2026-05-10 13:21:06 (2653628) [INFO]	Progress 5.7%
2026-05-10 13:21:08 (2653628) [INFO]	Progress 5.82%
2026-05-10 13:21:11 (2653628) [INFO]	Progress 5.94%
2026-05-10 13:21:12 (2653628) [INFO]	Progress 6.06%
2026-05-10 13:21:14 (2653628) [INFO]	Progress 6.18%
2026-05-10 13:21:16 (2653628) [INFO]	Progress 6.29%
2026-05-10 13:21:17 (2653628) [INFO]	Progress 6.41%
2026-05-10 13:21:20 (2653628) [INFO]	Progress 6.53%
2026-05-10 13:21:22 (2653628) [INFO]	Progress 6.65%
2026-05-10 13:21:23 (2653628) [INFO]	Progress 6.77%
2026-05-10 13:21:23 (2653628) [INFO]	Progress 6.89%
2026-05-10 13:21:24 (2653628) [INFO]	Progress 7.01%
2026-05-10 13:21:25 (2653628) [INFO]	Progress 7.13%
2026-05-10 13:21:25 (2653628) [INFO]	Progress 7.24%
2026-05-10 13:21:25 (2653628) [INFO]	Progress 7.36%
2026-05-10 13:21:26 (2653628) [INFO]	Progress 7.48%
2026-05-10 13:21:27 (2653628) [INFO]	Progress 7.6%
2026-05-10 13:21:30 (2653628) [INFO]	Progress 7.72%
2026-05-10 13:21:31 (2653628) [INFO]	Progress 7.84%
2026-05-10 13:21:31 (2653628) [INFO]	Progress 7.96%
2026-05-10 13:21:31 (2653628) [INFO]	Progress 8.08%
2026-05-10 13:21:32 (2653628) [INFO]	Progress 8.19%
2026-05-10 13:21:33 (2653628) [INFO]	Progress 8.31%
2026-05-10 13:21:34 (2653628) [INFO]	Progress 8.43%
2026-05-10 13:21:35 (2653628) [INFO]	Progress 8.67%
2026-05-10 13:21:39 (2653628) [INFO]	Progress 8.79%
2026-05-10 13:21:41 (2653628) [INFO]	Progress 8.91%
2026-05-10 13:21:41 (2653628) [INFO]	Progress 9.03%
2026-05-10 13:21:41 (2653628) [INFO]	Progress 9.14%
2026-05-10 13:21:41 (2653628) [INFO]	Progress 9.26%
2026-05-10 13:21:42 (2653628) [INFO]	Progress 9.38%
2026-05-10 13:21:46 (2653628) [INFO]	Progress 9.5%
2026-05-10 13:21:46 (2653628) [INFO]	Progress 9.62%
2026-05-10 13:21:46 (2653628) [INFO]	Progress 9.74%
2026-05-10 13:21:47 (2653628) [INFO]	Progress 9.86%
2026-05-10 13:21:47 (2653628) [INFO]	Progress 9.98%
2026-05-10 13:21:49 (2653628) [INFO]	Progress 10.1%
2026-05-10 13:21:50 (2653628) [INFO]	Progress 10.33%
2026-05-10 13:21:50 (2653628) [INFO]	Progress 10.45%
2026-05-10 13:21:51 (2653628) [INFO]	Progress 10.57%
2026-05-10 13:21:54 (2653628) [INFO]	Progress 10.69%
2026-05-10 13:21:54 (2653628) [INFO]	Progress 10.81%
2026-05-10 13:21:55 (2653628) [INFO]	Progress 10.93%
2026-05-10 13:21:57 (2653628) [INFO]	Progress 11.05%
2026-05-10 13:21:58 (2653628) [INFO]	Progress 11.16%
2026-05-10 13:22:02 (2653628) [INFO]	Progress 11.28%
2026-05-10 13:22:03 (2653628) [INFO]	Progress 11.4%
2026-05-10 13:22:03 (2653628) [INFO]	Progress 11.52%
2026-05-10 13:22:06 (2653628) [INFO]	Progress 11.64%
2026-05-10 13:22:08 (2653628) [INFO]	Progress 11.76%
2026-05-10 13:22:10 (2653628) [INFO]	Progress 11.88%
2026-05-10 13:22:11 (2653628) [INFO]	Progress 12.0%
2026-05-10 13:22:11 (2653628) [INFO]	Progress 12.23%
2026-05-10 13:22:12 (2653628) [INFO]	Progress 12.35%
2026-05-10 13:22:14 (2653628) [INFO]	Progress 12.47%
2026-05-10 13:22:15 (2653628) [INFO]	Progress 12.71%
2026-05-10 13:22:17 (2653628) [INFO]	Progress 12.83%
2026-05-10 13:22:17 (2653628) [INFO]	Progress 12.95%
2026-05-10 13:22:19 (2653628) [INFO]	Progress 13.06%
2026-05-10 13:22:20 (2653628) [INFO]	Progress 13.18%
2026-05-10 13:22:22 (2653628) [INFO]	Progress 13.3%
2026-05-10 13:22:23 (2653628) [INFO]	Progress 13.42%
2026-05-10 13:22:25 (2653628) [INFO]	Progress 13.54%
2026-05-10 13:22:27 (2653628) [INFO]	Progress 13.66%
2026-05-10 13:22:28 (2653628) [INFO]	Progress 13.78%
2026-05-10 13:22:28 (2653628) [INFO]	Progress 13.9%
2026-05-10 13:22:28 (2653628) [INFO]	Progress 14.01%
2026-05-10 13:22:28 (2653628) [INFO]	Progress 14.13%
2026-05-10 13:22:29 (2653628) [INFO]	Progress 14.25%
2026-05-10 13:22:30 (2653628) [INFO]	Progress 14.37%
2026-05-10 13:22:30 (2653628) [INFO]	Progress 14.49%
2026-05-10 13:22:30 (2653628) [INFO]	Progress 14.61%
2026-05-10 13:22:30 (2653628) [INFO]	Progress 14.73%
2026-05-10 13:22:31 (2653628) [INFO]	Progress 14.85%
2026-05-10 13:22:38 (2653628) [INFO]	Progress 14.96%
2026-05-10 13:22:38 (2653628) [INFO]	Progress 15.08%
2026-05-10 13:22:39 (2653628) [INFO]	Progress 15.2%
2026-05-10 13:22:39 (2653628) [INFO]	Progress 15.32%
2026-05-10 13:22:41 (2653628) [INFO]	Progress 15.44%
2026-05-10 13:22:41 (2653628) [INFO]	Progress 15.56%
2026-05-10 13:22:42 (2653628) [INFO]	Progress 15.68%
2026-05-10 13:22:44 (2653628) [INFO]	Progress 15.8%
2026-05-10 13:22:44 (2653628) [INFO]	Progress 15.91%
2026-05-10 13:22:46 (2653628) [INFO]	Progress 16.03%
2026-05-10 13:22:46 (2653628) [INFO]	Progress 16.15%
2026-05-10 13:22:46 (2653628) [INFO]	Progress 16.27%
2026-05-10 13:22:47 (2653628) [INFO]	Progress 16.39%
2026-05-10 13:22:49 (2653628) [INFO]	Progress 16.51%
2026-05-10 13:22:53 (2653628) [INFO]	Progress 16.63%
2026-05-10 13:22:53 (2653628) [INFO]	Progress 16.75%
2026-05-10 13:22:54 (2653628) [INFO]	Progress 16.86%
2026-05-10 13:22:56 (2653628) [INFO]	Progress 16.98%
2026-05-10 13:22:57 (2653628) [INFO]	Progress 17.1%
2026-05-10 13:22:58 (2653628) [INFO]	Progress 17.22%
2026-05-10 13:22:58 (2653628) [INFO]	Progress 17.34%
2026-05-10 13:23:00 (2653628) [INFO]	Progress 17.46%
2026-05-10 13:23:02 (2653628) [INFO]	Progress 17.58%
2026-05-10 13:23:03 (2653628) [INFO]	Progress 17.7%
2026-05-10 13:23:04 (2653628) [INFO]	Progress 17.81%
2026-05-10 13:23:04 (2653628) [INFO]	Progress 17.93%
2026-05-10 13:23:04 (2653628) [INFO]	Progress 18.05%
2026-05-10 13:23:05 (2653628) [INFO]	Progress 18.17%
2026-05-10 13:23:07 (2653628) [INFO]	Progress 18.29%
2026-05-10 13:23:07 (2653628) [INFO]	Progress 18.41%
2026-05-10 13:23:08 (2653628) [INFO]	Progress 18.53%
2026-05-10 13:23:09 (2653628) [INFO]	Progress 18.65%
2026-05-10 13:23:12 (2653628) [INFO]	Progress 18.76%
2026-05-10 13:23:14 (2653628) [INFO]	Progress 18.88%
2026-05-10 13:23:16 (2653628) [INFO]	Progress 19.0%
2026-05-10 13:23:17 (2653628) [INFO]	Progress 19.12%
2026-05-10 13:23:18 (2653628) [INFO]	Progress 19.24%
2026-05-10 13:23:19 (2653628) [INFO]	Progress 19.36%
2026-05-10 13:23:19 (2653628) [INFO]	Progress 19.48%
2026-05-10 13:23:22 (2653628) [INFO]	Progress 19.6%
2026-05-10 13:23:22 (2653628) [INFO]	Progress 19.71%
2026-05-10 13:23:23 (2653628) [INFO]	Progress 19.83%
2026-05-10 13:23:23 (2653628) [INFO]	Progress 19.95%
2026-05-10 13:23:24 (2653628) [INFO]	Progress 20.07%
2026-05-10 13:23:28 (2653628) [INFO]	Progress 20.19%
2026-05-10 13:23:29 (2653628) [INFO]	Progress 20.31%
2026-05-10 13:23:30 (2653628) [INFO]	Progress 20.43%
2026-05-10 13:23:34 (2653628) [INFO]	Progress 20.55%
2026-05-10 13:23:35 (2653628) [INFO]	Progress 20.67%
2026-05-10 13:23:36 (2653628) [INFO]	Progress 20.78%
2026-05-10 13:23:37 (2653628) [INFO]	Progress 20.9%
2026-05-10 13:23:37 (2653628) [INFO]	Progress 21.02%
2026-05-10 13:23:38 (2653628) [INFO]	Progress 21.14%
2026-05-10 13:23:40 (2653628) [INFO]	Progress 21.26%
2026-05-10 13:23:40 (2653628) [INFO]	Progress 21.38%
2026-05-10 13:23:41 (2653628) [INFO]	Progress 21.5%
2026-05-10 13:23:43 (2653628) [INFO]	Progress 21.62%
2026-05-10 13:23:43 (2653628) [INFO]	Progress 21.73%
2026-05-10 13:23:43 (2653628) [INFO]	Progress 21.85%
2026-05-10 13:23:44 (2653628) [INFO]	Progress 21.97%
2026-05-10 13:23:45 (2653628) [INFO]	Progress 22.09%
2026-05-10 13:23:46 (2653628) [INFO]	Progress 22.21%
2026-05-10 13:23:47 (2653628) [INFO]	Progress 22.33%
2026-05-10 13:23:47 (2653628) [INFO]	Progress 22.45%
2026-05-10 13:23:50 (2653628) [INFO]	Progress 22.57%
2026-05-10 13:23:50 (2653628) [INFO]	Progress 22.68%
2026-05-10 13:23:52 (2653628) [INFO]	Progress 22.8%
2026-05-10 13:23:53 (2653628) [INFO]	Progress 22.92%
2026-05-10 13:23:55 (2653628) [INFO]	Progress 23.16%
2026-05-10 13:23:56 (2653628) [INFO]	Progress 23.28%
2026-05-10 13:23:58 (2653628) [INFO]	Progress 23.4%
2026-05-10 13:23:58 (2653628) [INFO]	Progress 23.52%
2026-05-10 13:23:58 (2653628) [INFO]	Progress 23.63%
2026-05-10 13:23:58 (2653628) [INFO]	Progress 23.75%
2026-05-10 13:24:00 (2653628) [INFO]	Progress 23.87%
2026-05-10 13:24:00 (2653628) [INFO]	Progress 23.99%
2026-05-10 13:24:01 (2653628) [INFO]	Progress 24.23%
2026-05-10 13:24:01 (2653628) [INFO]	Progress 24.35%
2026-05-10 13:24:02 (2653628) [INFO]	Progress 24.47%
2026-05-10 13:24:02 (2653628) [INFO]	Progress 24.7%
2026-05-10 13:24:04 (2653628) [INFO]	Progress 24.82%
2026-05-10 13:24:06 (2653628) [INFO]	Progress 24.94%
2026-05-10 13:24:08 (2653628) [INFO]	Progress 25.06%
2026-05-10 13:24:08 (2653628) [INFO]	Progress 25.3%
2026-05-10 13:24:08 (2653628) [INFO]	Progress 25.42%
2026-05-10 13:24:10 (2653628) [INFO]	Progress 25.53%
2026-05-10 13:24:10 (2653628) [INFO]	Progress 25.65%
2026-05-10 13:24:12 (2653628) [INFO]	Progress 25.77%
2026-05-10 13:24:12 (2653628) [INFO]	Progress 25.89%
2026-05-10 13:24:12 (2653628) [INFO]	Progress 26.01%
2026-05-10 13:24:14 (2653628) [INFO]	Progress 26.13%
2026-05-10 13:24:14 (2653628) [INFO]	Progress 26.25%
2026-05-10 13:24:16 (2653628) [INFO]	Progress 26.48%
2026-05-10 13:24:16 (2653628) [INFO]	Progress 26.72%
2026-05-10 13:24:17 (2653628) [INFO]	Progress 26.84%
2026-05-10 13:24:17 (2653628) [INFO]	Progress 26.96%
2026-05-10 13:24:17 (2653628) [INFO]	Progress 27.08%
2026-05-10 13:24:18 (2653628) [INFO]	Progress 27.2%
2026-05-10 13:24:18 (2653628) [INFO]	Progress 27.32%
2026-05-10 13:24:20 (2653628) [INFO]	Progress 27.43%
2026-05-10 13:24:20 (2653628) [INFO]	Progress 27.55%
2026-05-10 13:24:20 (2653628) [INFO]	Progress 27.67%
2026-05-10 13:24:21 (2653628) [INFO]	Progress 27.79%
2026-05-10 13:24:22 (2653628) [INFO]	Progress 27.91%
2026-05-10 13:24:22 (2653628) [INFO]	Progress 28.03%
2026-05-10 13:24:24 (2653628) [INFO]	Progress 28.27%
2026-05-10 13:24:24 (2653628) [INFO]	Progress 28.38%
2026-05-10 13:24:25 (2653628) [INFO]	Progress 28.5%
2026-05-10 13:24:26 (2653628) [INFO]	Progress 28.62%
2026-05-10 13:24:26 (2653628) [INFO]	Progress 28.74%
2026-05-10 13:24:28 (2653628) [INFO]	Progress 28.86%
2026-05-10 13:24:28 (2653628) [INFO]	Progress 28.98%
2026-05-10 13:24:30 (2653628) [INFO]	Progress 29.1%
2026-05-10 13:24:30 (2653628) [INFO]	Progress 29.22%
2026-05-10 13:24:30 (2653628) [INFO]	Progress 29.33%
2026-05-10 13:24:31 (2653628) [INFO]	Progress 29.45%
2026-05-10 13:24:32 (2653628) [INFO]	Progress 29.57%
2026-05-10 13:24:32 (2653628) [INFO]	Progress 29.69%
2026-05-10 13:24:33 (2653628) [INFO]	Progress 29.81%
2026-05-10 13:24:34 (2653628) [INFO]	Progress 29.93%
2026-05-10 13:24:35 (2653628) [INFO]	Progress 30.05%
2026-05-10 13:24:35 (2653628) [INFO]	Progress 30.17%
2026-05-10 13:24:36 (2653628) [INFO]	Progress 30.29%
2026-05-10 13:24:36 (2653628) [INFO]	Progress 30.4%
2026-05-10 13:24:37 (2653628) [INFO]	Progress 30.52%
2026-05-10 13:24:37 (2653628) [INFO]	Progress 30.76%
2026-05-10 13:24:38 (2653628) [INFO]	Progress 30.88%
2026-05-10 13:24:39 (2653628) [INFO]	Progress 31.0%
2026-05-10 13:24:39 (2653628) [INFO]	Progress 31.12%
2026-05-10 13:24:43 (2653628) [INFO]	Progress 31.24%
2026-05-10 13:24:44 (2653628) [INFO]	Progress 31.35%
2026-05-10 13:24:45 (2653628) [INFO]	Progress 31.47%
2026-05-10 13:24:45 (2653628) [INFO]	Progress 31.59%
2026-05-10 13:24:46 (2653628) [INFO]	Progress 31.71%
2026-05-10 13:24:48 (2653628) [INFO]	Progress 31.83%
2026-05-10 13:24:49 (2653628) [INFO]	Progress 31.95%
2026-05-10 13:24:49 (2653628) [INFO]	Progress 32.07%
2026-05-10 13:24:50 (2653628) [INFO]	Progress 32.19%
2026-05-10 13:24:50 (2653628) [INFO]	Progress 32.42%
2026-05-10 13:24:52 (2653628) [INFO]	Progress 32.54%
2026-05-10 13:24:53 (2653628) [INFO]	Progress 32.66%
2026-05-10 13:24:55 (2653628) [INFO]	Progress 32.78%
2026-05-10 13:24:58 (2653628) [INFO]	Progress 32.9%
2026-05-10 13:24:58 (2653628) [INFO]	Progress 33.02%
2026-05-10 13:24:59 (2653628) [INFO]	Progress 33.25%
2026-05-10 13:25:00 (2653628) [INFO]	Progress 33.49%
2026-05-10 13:25:02 (2653628) [INFO]	Progress 33.61%
2026-05-10 13:25:03 (2653628) [INFO]	Progress 33.73%
2026-05-10 13:25:04 (2653628) [INFO]	Progress 33.85%
2026-05-10 13:25:04 (2653628) [INFO]	Progress 33.97%
2026-05-10 13:25:05 (2653628) [INFO]	Progress 34.09%
2026-05-10 13:25:05 (2653628) [INFO]	Progress 34.2%
2026-05-10 13:25:06 (2653628) [INFO]	Progress 34.32%
2026-05-10 13:25:06 (2653628) [INFO]	Progress 34.44%
2026-05-10 13:25:07 (2653628) [INFO]	Progress 34.56%
2026-05-10 13:25:08 (2653628) [INFO]	Progress 34.68%
2026-05-10 13:25:09 (2653628) [INFO]	Progress 34.8%
2026-05-10 13:25:09 (2653628) [INFO]	Progress 34.92%
2026-05-10 13:25:10 (2653628) [INFO]	Progress 35.04%
2026-05-10 13:25:12 (2653628) [INFO]	Progress 35.15%
2026-05-10 13:25:12 (2653628) [INFO]	Progress 35.27%
2026-05-10 13:25:12 (2653628) [INFO]	Progress 35.39%
2026-05-10 13:25:13 (2653628) [INFO]	Progress 35.51%
2026-05-10 13:25:13 (2653628) [INFO]	Progress 35.63%
2026-05-10 13:25:13 (2653628) [INFO]	Progress 35.75%
2026-05-10 13:25:13 (2653628) [INFO]	Progress 35.87%
2026-05-10 13:25:14 (2653628) [INFO]	Progress 35.99%
2026-05-10 13:25:14 (2653628) [INFO]	Progress 36.1%
2026-05-10 13:25:16 (2653628) [INFO]	Progress 36.22%
2026-05-10 13:25:17 (2653628) [INFO]	Progress 36.34%
2026-05-10 13:25:19 (2653628) [INFO]	Progress 36.46%
2026-05-10 13:25:19 (2653628) [INFO]	Progress 36.58%
2026-05-10 13:25:20 (2653628) [INFO]	Progress 36.7%
2026-05-10 13:25:20 (2653628) [INFO]	Progress 36.82%
2026-05-10 13:25:20 (2653628) [INFO]	Progress 37.05%
2026-05-10 13:25:21 (2653628) [INFO]	Progress 37.17%
2026-05-10 13:25:22 (2653628) [INFO]	Progress 37.41%
2026-05-10 13:25:22 (2653628) [INFO]	Progress 37.53%
2026-05-10 13:25:23 (2653628) [INFO]	Progress 37.65%
2026-05-10 13:25:24 (2653628) [INFO]	Progress 37.77%
2026-05-10 13:25:24 (2653628) [INFO]	Progress 37.89%
2026-05-10 13:25:26 (2653628) [INFO]	Progress 38.0%
2026-05-10 13:25:26 (2653628) [INFO]	Progress 38.12%
2026-05-10 13:25:27 (2653628) [INFO]	Progress 38.24%
2026-05-10 13:25:28 (2653628) [INFO]	Progress 38.36%
2026-05-10 13:25:30 (2653628) [INFO]	Progress 38.48%
2026-05-10 13:25:31 (2653628) [INFO]	Progress 38.6%
2026-05-10 13:25:36 (2653628) [INFO]	Progress 38.72%
2026-05-10 13:25:36 (2653628) [INFO]	Progress 38.84%
2026-05-10 13:25:38 (2653628) [INFO]	Progress 38.95%
2026-05-10 13:25:38 (2653628) [INFO]	Progress 39.07%
2026-05-10 13:25:40 (2653628) [INFO]	Progress 39.19%
2026-05-10 13:25:40 (2653628) [INFO]	Progress 39.31%
2026-05-10 13:25:41 (2653628) [INFO]	Progress 39.43%
2026-05-10 13:25:41 (2653628) [INFO]	Progress 39.55%
2026-05-10 13:25:42 (2653628) [INFO]	Progress 39.67%
2026-05-10 13:25:42 (2653628) [INFO]	Progress 39.79%
2026-05-10 13:25:43 (2653628) [INFO]	Progress 39.9%
2026-05-10 13:25:43 (2653628) [INFO]	Progress 40.02%
2026-05-10 13:25:44 (2653628) [INFO]	Progress 40.14%
2026-05-10 13:25:46 (2653628) [INFO]	Progress 40.26%
2026-05-10 13:25:47 (2653628) [INFO]	Progress 40.38%
2026-05-10 13:25:47 (2653628) [INFO]	Progress 40.5%
2026-05-10 13:25:48 (2653628) [INFO]	Progress 40.74%
2026-05-10 13:25:49 (2653628) [INFO]	Progress 40.86%
2026-05-10 13:25:52 (2653628) [INFO]	Progress 40.97%
2026-05-10 13:25:53 (2653628) [INFO]	Progress 41.09%
2026-05-10 13:25:54 (2653628) [INFO]	Progress 41.21%
2026-05-10 13:25:55 (2653628) [INFO]	Progress 41.33%
2026-05-10 13:25:58 (2653628) [INFO]	Progress 41.45%
2026-05-10 13:25:59 (2653628) [INFO]	Progress 41.57%
2026-05-10 13:26:00 (2653628) [INFO]	Progress 41.69%
2026-05-10 13:26:00 (2653628) [INFO]	Progress 41.81%
2026-05-10 13:26:00 (2653628) [INFO]	Progress 41.92%
2026-05-10 13:26:01 (2653628) [INFO]	Progress 42.04%
2026-05-10 13:26:02 (2653628) [INFO]	Progress 42.16%
2026-05-10 13:26:03 (2653628) [INFO]	Progress 42.28%
2026-05-10 13:26:04 (2653628) [INFO]	Progress 42.52%
2026-05-10 13:26:06 (2653628) [INFO]	Progress 42.64%
2026-05-10 13:26:07 (2653628) [INFO]	Progress 42.76%
2026-05-10 13:26:09 (2653628) [INFO]	Progress 42.87%
2026-05-10 13:26:12 (2653628) [INFO]	Progress 42.99%
2026-05-10 13:26:13 (2653628) [INFO]	Progress 43.11%
2026-05-10 13:26:13 (2653628) [INFO]	Progress 43.23%
2026-05-10 13:26:14 (2653628) [INFO]	Progress 43.35%
2026-05-10 13:26:15 (2653628) [INFO]	Progress 43.47%
2026-05-10 13:26:15 (2653628) [INFO]	Progress 43.59%
2026-05-10 13:26:16 (2653628) [INFO]	Progress 43.71%
2026-05-10 13:26:16 (2653628) [INFO]	Progress 43.94%
2026-05-10 13:26:16 (2653628) [INFO]	Progress 44.06%
2026-05-10 13:26:17 (2653628) [INFO]	Progress 44.18%
2026-05-10 13:26:19 (2653628) [INFO]	Progress 44.3%
2026-05-10 13:26:19 (2653628) [INFO]	Progress 44.42%
2026-05-10 13:26:21 (2653628) [INFO]	Progress 44.54%
2026-05-10 13:26:21 (2653628) [INFO]	Progress 44.66%
2026-05-10 13:26:23 (2653628) [INFO]	Progress 44.77%
2026-05-10 13:26:24 (2653628) [INFO]	Progress 44.89%
2026-05-10 13:26:25 (2653628) [INFO]	Progress 45.01%
2026-05-10 13:26:28 (2653628) [INFO]	Progress 45.13%
2026-05-10 13:26:29 (2653628) [INFO]	Progress 45.25%
2026-05-10 13:26:30 (2653628) [INFO]	Progress 45.37%
2026-05-10 13:26:31 (2653628) [INFO]	Progress 45.49%
2026-05-10 13:26:31 (2653628) [INFO]	Progress 45.61%
2026-05-10 13:26:31 (2653628) [INFO]	Progress 45.72%
2026-05-10 13:26:32 (2653628) [INFO]	Progress 45.84%
2026-05-10 13:26:32 (2653628) [INFO]	Progress 45.96%
2026-05-10 13:26:33 (2653628) [INFO]	Progress 46.08%
2026-05-10 13:26:33 (2653628) [INFO]	Progress 46.32%
2026-05-10 13:26:33 (2653628) [INFO]	Progress 46.44%
2026-05-10 13:26:34 (2653628) [INFO]	Progress 46.56%
2026-05-10 13:26:36 (2653628) [INFO]	Progress 46.67%
2026-05-10 13:26:36 (2653628) [INFO]	Progress 46.79%
2026-05-10 13:26:37 (2653628) [INFO]	Progress 46.91%
2026-05-10 13:26:37 (2653628) [INFO]	Progress 47.03%
2026-05-10 13:26:39 (2653628) [INFO]	Progress 47.15%
2026-05-10 13:26:40 (2653628) [INFO]	Progress 47.27%
2026-05-10 13:26:40 (2653628) [INFO]	Progress 47.39%
2026-05-10 13:26:44 (2653628) [INFO]	Progress 47.51%
2026-05-10 13:26:45 (2653628) [INFO]	Progress 47.62%
2026-05-10 13:26:46 (2653628) [INFO]	Progress 47.74%
2026-05-10 13:26:47 (2653628) [INFO]	Progress 47.86%
2026-05-10 13:26:47 (2653628) [INFO]	Progress 47.98%
2026-05-10 13:26:48 (2653628) [INFO]	Progress 48.1%
2026-05-10 13:26:48 (2653628) [INFO]	Progress 48.22%
2026-05-10 13:26:48 (2653628) [INFO]	Progress 48.34%
2026-05-10 13:26:50 (2653628) [INFO]	Progress 48.46%
2026-05-10 13:26:51 (2653628) [INFO]	Progress 48.57%
2026-05-10 13:26:53 (2653628) [INFO]	Progress 48.69%
2026-05-10 13:26:53 (2653628) [INFO]	Progress 48.81%
2026-05-10 13:26:53 (2653628) [INFO]	Progress 48.93%
2026-05-10 13:26:54 (2653628) [INFO]	Progress 49.05%
2026-05-10 13:26:54 (2653628) [INFO]	Progress 49.17%
2026-05-10 13:26:54 (2653628) [INFO]	Progress 49.29%
2026-05-10 13:26:54 (2653628) [INFO]	Progress 49.52%
2026-05-10 13:26:54 (2653628) [INFO]	Progress 49.64%
2026-05-10 13:26:55 (2653628) [INFO]	Progress 49.88%
2026-05-10 13:26:55 (2653628) [INFO]	Progress 50.12%
2026-05-10 13:26:56 (2653628) [INFO]	Progress 50.24%
2026-05-10 13:26:57 (2653628) [INFO]	Progress 50.36%
2026-05-10 13:26:58 (2653628) [INFO]	Progress 50.48%
2026-05-10 13:26:59 (2653628) [INFO]	Progress 50.59%
2026-05-10 13:26:59 (2653628) [INFO]	Progress 50.71%
2026-05-10 13:27:01 (2653628) [INFO]	Progress 50.83%
2026-05-10 13:27:01 (2653628) [INFO]	Progress 50.95%
2026-05-10 13:27:02 (2653628) [INFO]	Progress 51.07%
2026-05-10 13:27:03 (2653628) [INFO]	Progress 51.19%
2026-05-10 13:27:04 (2653628) [INFO]	Progress 51.31%
2026-05-10 13:27:04 (2653628) [INFO]	Progress 51.43%
2026-05-10 13:27:04 (2653628) [INFO]	Progress 51.54%
2026-05-10 13:27:04 (2653628) [INFO]	Progress 51.66%
2026-05-10 13:27:05 (2653628) [INFO]	Progress 51.78%
2026-05-10 13:27:07 (2653628) [INFO]	Progress 51.9%
2026-05-10 13:27:08 (2653628) [INFO]	Progress 52.02%
2026-05-10 13:27:08 (2653628) [INFO]	Progress 52.14%
2026-05-10 13:27:10 (2653628) [INFO]	Progress 52.26%
2026-05-10 13:27:10 (2653628) [INFO]	Progress 52.38%
2026-05-10 13:27:11 (2653628) [INFO]	Progress 52.61%
2026-05-10 13:27:12 (2653628) [INFO]	Progress 52.85%
2026-05-10 13:27:12 (2653628) [INFO]	Progress 52.97%
2026-05-10 13:27:13 (2653628) [INFO]	Progress 53.09%
2026-05-10 13:27:14 (2653628) [INFO]	Progress 53.21%
2026-05-10 13:27:18 (2653628) [INFO]	Progress 53.33%
2026-05-10 13:27:21 (2653628) [INFO]	Progress 53.44%
2026-05-10 13:27:21 (2653628) [INFO]	Progress 53.56%
2026-05-10 13:27:21 (2653628) [INFO]	Progress 53.68%
2026-05-10 13:27:23 (2653628) [INFO]	Progress 53.8%
2026-05-10 13:27:24 (2653628) [INFO]	Progress 53.92%
2026-05-10 13:27:25 (2653628) [INFO]	Progress 54.04%
2026-05-10 13:27:26 (2653628) [INFO]	Progress 54.16%
2026-05-10 13:27:26 (2653628) [INFO]	Progress 54.28%
2026-05-10 13:27:27 (2653628) [INFO]	Progress 54.51%
2026-05-10 13:27:29 (2653628) [INFO]	Progress 54.63%
2026-05-10 13:27:29 (2653628) [INFO]	Progress 54.75%
2026-05-10 13:27:30 (2653628) [INFO]	Progress 54.87%
2026-05-10 13:27:30 (2653628) [INFO]	Progress 55.11%
2026-05-10 13:27:30 (2653628) [INFO]	Progress 55.23%
2026-05-10 13:27:31 (2653628) [INFO]	Progress 55.34%
2026-05-10 13:27:31 (2653628) [INFO]	Progress 55.46%
2026-05-10 13:27:31 (2653628) [INFO]	Progress 55.58%
2026-05-10 13:27:32 (2653628) [INFO]	Progress 55.7%
2026-05-10 13:27:32 (2653628) [INFO]	Progress 55.82%
2026-05-10 13:27:32 (2653628) [INFO]	Progress 55.94%
2026-05-10 13:27:35 (2653628) [INFO]	Progress 56.06%
2026-05-10 13:27:35 (2653628) [INFO]	Progress 56.18%
2026-05-10 13:27:35 (2653628) [INFO]	Progress 56.29%
2026-05-10 13:27:35 (2653628) [INFO]	Progress 56.41%
2026-05-10 13:27:36 (2653628) [INFO]	Progress 56.53%
2026-05-10 13:27:36 (2653628) [INFO]	Progress 56.65%
2026-05-10 13:27:36 (2653628) [INFO]	Progress 56.77%
2026-05-10 13:27:37 (2653628) [INFO]	Progress 56.89%
2026-05-10 13:27:37 (2653628) [INFO]	Progress 57.01%
2026-05-10 13:27:37 (2653628) [INFO]	Progress 57.13%
2026-05-10 13:27:37 (2653628) [INFO]	Progress 57.24%
2026-05-10 13:27:37 (2653628) [INFO]	Progress 57.36%
2026-05-10 13:27:38 (2653628) [INFO]	Progress 57.48%
2026-05-10 13:27:39 (2653628) [INFO]	Progress 57.6%
2026-05-10 13:27:39 (2653628) [INFO]	Progress 57.72%
2026-05-10 13:27:39 (2653628) [INFO]	Progress 57.84%
2026-05-10 13:27:41 (2653628) [INFO]	Progress 57.96%
2026-05-10 13:27:41 (2653628) [INFO]	Progress 58.08%
2026-05-10 13:27:43 (2653628) [INFO]	Progress 58.19%
2026-05-10 13:27:43 (2653628) [INFO]	Progress 58.31%
2026-05-10 13:27:43 (2653628) [INFO]	Progress 58.43%
2026-05-10 13:27:44 (2653628) [INFO]	Progress 58.55%
2026-05-10 13:27:45 (2653628) [INFO]	Progress 58.67%
2026-05-10 13:27:45 (2653628) [INFO]	Progress 58.79%
2026-05-10 13:27:45 (2653628) [INFO]	Progress 58.91%
2026-05-10 13:27:46 (2653628) [INFO]	Progress 59.03%
2026-05-10 13:27:46 (2653628) [INFO]	Progress 59.14%
2026-05-10 13:27:47 (2653628) [INFO]	Progress 59.38%
2026-05-10 13:27:47 (2653628) [INFO]	Progress 59.5%
2026-05-10 13:27:48 (2653628) [INFO]	Progress 59.62%
2026-05-10 13:27:48 (2653628) [INFO]	Progress 59.74%
2026-05-10 13:27:48 (2653628) [INFO]	Progress 59.86%
2026-05-10 13:27:48 (2653628) [INFO]	Progress 59.98%
2026-05-10 13:27:51 (2653628) [INFO]	Progress 60.1%
2026-05-10 13:27:52 (2653628) [INFO]	Progress 60.21%
2026-05-10 13:27:52 (2653628) [INFO]	Progress 60.33%
2026-05-10 13:27:52 (2653628) [INFO]	Progress 60.45%
2026-05-10 13:27:53 (2653628) [INFO]	Progress 60.57%
2026-05-10 13:27:55 (2653628) [INFO]	Progress 60.69%
2026-05-10 13:27:56 (2653628) [INFO]	Progress 60.81%
2026-05-10 13:27:56 (2653628) [INFO]	Progress 60.93%
2026-05-10 13:27:57 (2653628) [INFO]	Progress 61.05%
2026-05-10 13:28:00 (2653628) [INFO]	Progress 61.16%
2026-05-10 13:28:02 (2653628) [INFO]	Progress 61.28%
2026-05-10 13:28:02 (2653628) [INFO]	Progress 61.4%
2026-05-10 13:28:04 (2653628) [INFO]	Progress 61.52%
2026-05-10 13:28:05 (2653628) [INFO]	Progress 61.64%
2026-05-10 13:28:09 (2653628) [INFO]	Progress 61.76%
2026-05-10 13:28:11 (2653628) [INFO]	Progress 61.88%
2026-05-10 13:28:11 (2653628) [INFO]	Progress 62.0%
2026-05-10 13:28:12 (2653628) [INFO]	Progress 62.11%
2026-05-10 13:28:12 (2653628) [INFO]	Progress 62.23%
2026-05-10 13:28:13 (2653628) [INFO]	Progress 62.35%
2026-05-10 13:28:14 (2653628) [INFO]	Progress 62.47%
2026-05-10 13:28:14 (2653628) [INFO]	Progress 62.59%
2026-05-10 13:28:16 (2653628) [INFO]	Progress 62.71%
2026-05-10 13:28:16 (2653628) [INFO]	Progress 62.95%
2026-05-10 13:28:18 (2653628) [INFO]	Progress 63.06%
2026-05-10 13:28:18 (2653628) [INFO]	Progress 63.18%
2026-05-10 13:28:19 (2653628) [INFO]	Progress 63.3%
2026-05-10 13:28:19 (2653628) [INFO]	Progress 63.42%
2026-05-10 13:28:19 (2653628) [INFO]	Progress 63.54%
2026-05-10 13:28:20 (2653628) [INFO]	Progress 63.66%
2026-05-10 13:28:20 (2653628) [INFO]	Progress 63.78%
2026-05-10 13:28:23 (2653628) [INFO]	Progress 63.9%
2026-05-10 13:28:24 (2653628) [INFO]	Progress 64.01%
2026-05-10 13:28:24 (2653628) [INFO]	Progress 64.13%
2026-05-10 13:28:25 (2653628) [INFO]	Progress 64.25%
2026-05-10 13:28:26 (2653628) [INFO]	Progress 64.37%
2026-05-10 13:28:27 (2653628) [INFO]	Progress 64.49%
2026-05-10 13:28:28 (2653628) [INFO]	Progress 64.73%
2026-05-10 13:28:28 (2653628) [INFO]	Progress 64.85%
2026-05-10 13:28:29 (2653628) [INFO]	Progress 64.96%
2026-05-10 13:28:30 (2653628) [INFO]	Progress 65.08%
2026-05-10 13:28:31 (2653628) [INFO]	Progress 65.2%
2026-05-10 13:28:32 (2653628) [INFO]	Progress 65.32%
2026-05-10 13:28:32 (2653628) [INFO]	Progress 65.44%
2026-05-10 13:28:33 (2653628) [INFO]	Progress 65.56%
2026-05-10 13:28:33 (2653628) [INFO]	Progress 65.68%
2026-05-10 13:28:33 (2653628) [INFO]	Progress 65.8%
2026-05-10 13:28:37 (2653628) [INFO]	Progress 65.91%
2026-05-10 13:28:37 (2653628) [INFO]	Progress 66.03%
2026-05-10 13:28:38 (2653628) [INFO]	Progress 66.15%
2026-05-10 13:28:39 (2653628) [INFO]	Progress 66.27%
2026-05-10 13:28:39 (2653628) [INFO]	Progress 66.39%
2026-05-10 13:28:41 (2653628) [INFO]	Progress 66.51%
2026-05-10 13:28:41 (2653628) [INFO]	Progress 66.63%
2026-05-10 13:28:44 (2653628) [INFO]	Progress 66.75%
2026-05-10 13:28:45 (2653628) [INFO]	Progress 66.86%
2026-05-10 13:28:46 (2653628) [INFO]	Progress 67.1%
2026-05-10 13:28:46 (2653628) [INFO]	Progress 67.22%
2026-05-10 13:28:47 (2653628) [INFO]	Progress 67.34%
2026-05-10 13:28:47 (2653628) [INFO]	Progress 67.46%
2026-05-10 13:28:48 (2653628) [INFO]	Progress 67.58%
2026-05-10 13:28:48 (2653628) [INFO]	Progress 67.7%
2026-05-10 13:28:51 (2653628) [INFO]	Progress 67.81%
2026-05-10 13:28:51 (2653628) [INFO]	Progress 67.93%
2026-05-10 13:28:51 (2653628) [INFO]	Progress 68.05%
2026-05-10 13:28:53 (2653628) [INFO]	Progress 68.17%
2026-05-10 13:28:55 (2653628) [INFO]	Progress 68.29%
2026-05-10 13:28:55 (2653628) [INFO]	Progress 68.53%
2026-05-10 13:28:56 (2653628) [INFO]	Progress 68.65%
2026-05-10 13:28:57 (2653628) [INFO]	Progress 68.76%
2026-05-10 13:28:57 (2653628) [INFO]	Progress 68.88%
2026-05-10 13:28:58 (2653628) [INFO]	Progress 69.0%
2026-05-10 13:28:58 (2653628) [INFO]	Progress 69.12%
2026-05-10 13:28:58 (2653628) [INFO]	Progress 69.24%
2026-05-10 13:28:58 (2653628) [INFO]	Progress 69.36%
2026-05-10 13:28:59 (2653628) [INFO]	Progress 69.48%
2026-05-10 13:28:59 (2653628) [INFO]	Progress 69.71%
2026-05-10 13:29:02 (2653628) [INFO]	Progress 69.83%
2026-05-10 13:29:03 (2653628) [INFO]	Progress 69.95%
2026-05-10 13:29:04 (2653628) [INFO]	Progress 70.07%
2026-05-10 13:29:05 (2653628) [INFO]	Progress 70.19%
2026-05-10 13:29:05 (2653628) [INFO]	Progress 70.31%
2026-05-10 13:29:05 (2653628) [INFO]	Progress 70.43%
2026-05-10 13:29:05 (2653628) [INFO]	Progress 70.67%
2026-05-10 13:29:05 (2653628) [INFO]	Progress 70.78%
2026-05-10 13:29:06 (2653628) [INFO]	Progress 70.9%
2026-05-10 13:29:06 (2653628) [INFO]	Progress 71.02%
2026-05-10 13:29:06 (2653628) [INFO]	Progress 71.14%
2026-05-10 13:29:08 (2653628) [INFO]	Progress 71.26%
2026-05-10 13:29:08 (2653628) [INFO]	Progress 71.5%
2026-05-10 13:29:09 (2653628) [INFO]	Progress 71.62%
2026-05-10 13:29:10 (2653628) [INFO]	Progress 71.73%
2026-05-10 13:29:11 (2653628) [INFO]	Progress 71.85%
2026-05-10 13:29:12 (2653628) [INFO]	Progress 71.97%
2026-05-10 13:29:13 (2653628) [INFO]	Progress 72.09%
2026-05-10 13:29:13 (2653628) [INFO]	Progress 72.21%
2026-05-10 13:29:13 (2653628) [INFO]	Progress 72.33%
2026-05-10 13:29:13 (2653628) [INFO]	Progress 72.45%
2026-05-10 13:29:15 (2653628) [INFO]	Progress 72.57%
2026-05-10 13:29:18 (2653628) [INFO]	Progress 72.68%
2026-05-10 13:29:22 (2653628) [INFO]	Progress 72.8%
2026-05-10 13:29:23 (2653628) [INFO]	Progress 72.92%
2026-05-10 13:29:27 (2653628) [INFO]	Progress 73.04%
2026-05-10 13:29:28 (2653628) [INFO]	Progress 73.16%
2026-05-10 13:29:29 (2653628) [INFO]	Progress 73.4%
2026-05-10 13:29:32 (2653628) [INFO]	Progress 73.52%
2026-05-10 13:29:32 (2653628) [INFO]	Progress 73.63%
2026-05-10 13:29:33 (2653628) [INFO]	Progress 73.75%
2026-05-10 13:29:35 (2653628) [INFO]	Progress 73.87%
2026-05-10 13:29:36 (2653628) [INFO]	Progress 73.99%
2026-05-10 13:29:36 (2653628) [INFO]	Progress 74.11%
2026-05-10 13:29:40 (2653628) [INFO]	Progress 74.23%
2026-05-10 13:29:40 (2653628) [INFO]	Progress 74.35%
2026-05-10 13:29:40 (2653628) [INFO]	Progress 74.47%
2026-05-10 13:29:42 (2653628) [INFO]	Progress 74.58%
2026-05-10 13:29:42 (2653628) [INFO]	Progress 74.82%
2026-05-10 13:29:42 (2653628) [INFO]	Progress 74.94%
2026-05-10 13:29:43 (2653628) [INFO]	Progress 75.06%
2026-05-10 13:29:44 (2653628) [INFO]	Progress 75.18%
2026-05-10 13:29:45 (2653628) [INFO]	Progress 75.3%
2026-05-10 13:29:46 (2653628) [INFO]	Progress 75.42%
2026-05-10 13:29:46 (2653628) [INFO]	Progress 75.53%
2026-05-10 13:29:47 (2653628) [INFO]	Progress 75.65%
2026-05-10 13:29:49 (2653628) [INFO]	Progress 75.77%
2026-05-10 13:29:49 (2653628) [INFO]	Progress 75.89%
2026-05-10 13:29:51 (2653628) [INFO]	Progress 76.01%
2026-05-10 13:29:53 (2653628) [INFO]	Progress 76.13%
2026-05-10 13:29:53 (2653628) [INFO]	Progress 76.25%
2026-05-10 13:29:53 (2653628) [INFO]	Progress 76.37%
2026-05-10 13:29:54 (2653628) [INFO]	Progress 76.48%
2026-05-10 13:29:54 (2653628) [INFO]	Progress 76.6%
2026-05-10 13:29:55 (2653628) [INFO]	Progress 76.72%
2026-05-10 13:29:55 (2653628) [INFO]	Progress 76.84%
2026-05-10 13:29:56 (2653628) [INFO]	Progress 77.08%
2026-05-10 13:29:56 (2653628) [INFO]	Progress 77.2%
2026-05-10 13:29:57 (2653628) [INFO]	Progress 77.32%
2026-05-10 13:29:58 (2653628) [INFO]	Progress 77.43%
2026-05-10 13:29:59 (2653628) [INFO]	Progress 77.55%
2026-05-10 13:30:00 (2653628) [INFO]	Progress 77.67%
2026-05-10 13:30:01 (2653628) [INFO]	Progress 77.79%
2026-05-10 13:30:01 (2653628) [INFO]	Progress 77.91%
2026-05-10 13:30:01 (2653628) [INFO]	Progress 78.03%
2026-05-10 13:30:04 (2653628) [INFO]	Progress 78.15%
2026-05-10 13:30:05 (2653628) [INFO]	Progress 78.27%
2026-05-10 13:30:07 (2653628) [INFO]	Progress 78.38%
2026-05-10 13:30:09 (2653628) [INFO]	Progress 78.5%
2026-05-10 13:30:10 (2653628) [INFO]	Progress 78.62%
2026-05-10 13:30:10 (2653628) [INFO]	Progress 78.86%
2026-05-10 13:30:10 (2653628) [INFO]	Progress 78.98%
2026-05-10 13:30:11 (2653628) [INFO]	Progress 79.1%
2026-05-10 13:30:12 (2653628) [INFO]	Progress 79.22%
2026-05-10 13:30:13 (2653628) [INFO]	Progress 79.33%
2026-05-10 13:30:17 (2653628) [INFO]	Progress 79.45%
2026-05-10 13:30:17 (2653628) [INFO]	Progress 79.57%
2026-05-10 13:30:17 (2653628) [INFO]	Progress 79.69%
2026-05-10 13:30:19 (2653628) [INFO]	Progress 79.81%
2026-05-10 13:30:21 (2653628) [INFO]	Progress 79.93%
2026-05-10 13:30:21 (2653628) [INFO]	Progress 80.05%
2026-05-10 13:30:22 (2653628) [INFO]	Progress 80.17%
2026-05-10 13:30:22 (2653628) [INFO]	Progress 80.29%
2026-05-10 13:30:23 (2653628) [INFO]	Progress 80.4%
2026-05-10 13:30:27 (2653628) [INFO]	Progress 80.52%
2026-05-10 13:30:28 (2653628) [INFO]	Progress 80.64%
2026-05-10 13:30:28 (2653628) [INFO]	Progress 80.76%
2026-05-10 13:30:29 (2653628) [INFO]	Progress 80.88%
2026-05-10 13:30:33 (2653628) [INFO]	Progress 81.0%
2026-05-10 13:30:34 (2653628) [INFO]	Progress 81.12%
2026-05-10 13:30:35 (2653628) [INFO]	Progress 81.24%
2026-05-10 13:30:35 (2653628) [INFO]	Progress 81.35%
2026-05-10 13:30:37 (2653628) [INFO]	Progress 81.47%
2026-05-10 13:30:37 (2653628) [INFO]	Progress 81.59%
2026-05-10 13:30:39 (2653628) [INFO]	Progress 81.71%
2026-05-10 13:30:42 (2653628) [INFO]	Progress 81.83%
2026-05-10 13:30:43 (2653628) [INFO]	Progress 81.95%
2026-05-10 13:30:44 (2653628) [INFO]	Progress 82.07%
2026-05-10 13:30:45 (2653628) [INFO]	Progress 82.19%
2026-05-10 13:30:45 (2653628) [INFO]	Progress 82.3%
2026-05-10 13:30:46 (2653628) [INFO]	Progress 82.42%
2026-05-10 13:30:46 (2653628) [INFO]	Progress 82.54%
2026-05-10 13:30:48 (2653628) [INFO]	Progress 82.66%
2026-05-10 13:30:50 (2653628) [INFO]	Progress 82.78%
2026-05-10 13:30:54 (2653628) [INFO]	Progress 82.9%
2026-05-10 13:30:54 (2653628) [INFO]	Progress 83.02%
2026-05-10 13:30:56 (2653628) [INFO]	Progress 83.14%
2026-05-10 13:31:00 (2653628) [INFO]	Progress 83.25%
2026-05-10 13:31:02 (2653628) [INFO]	Progress 83.37%
2026-05-10 13:31:06 (2653628) [INFO]	Progress 83.49%
2026-05-10 13:31:06 (2653628) [INFO]	Progress 83.61%
2026-05-10 13:31:07 (2653628) [INFO]	Progress 83.73%
2026-05-10 13:31:07 (2653628) [INFO]	Progress 83.85%
2026-05-10 13:31:10 (2653628) [INFO]	Progress 83.97%
2026-05-10 13:31:10 (2653628) [INFO]	Progress 84.09%
2026-05-10 13:31:12 (2653628) [INFO]	Progress 84.2%
2026-05-10 13:31:13 (2653628) [INFO]	Progress 84.32%
2026-05-10 13:31:13 (2653628) [INFO]	Progress 84.44%
2026-05-10 13:31:14 (2653628) [INFO]	Progress 84.56%
2026-05-10 13:31:16 (2653628) [INFO]	Progress 84.68%
2026-05-10 13:31:19 (2653628) [INFO]	Progress 84.8%
2026-05-10 13:31:21 (2653628) [INFO]	Progress 84.92%
2026-05-10 13:31:22 (2653628) [INFO]	Progress 85.04%
2026-05-10 13:31:23 (2653628) [INFO]	Progress 85.15%
2026-05-10 13:31:23 (2653628) [INFO]	Progress 85.27%
2026-05-10 13:31:25 (2653628) [INFO]	Progress 85.39%
2026-05-10 13:31:28 (2653628) [INFO]	Progress 85.51%
2026-05-10 13:31:30 (2653628) [INFO]	Progress 85.63%
2026-05-10 13:31:31 (2653628) [INFO]	Progress 85.75%
2026-05-10 13:31:32 (2653628) [INFO]	Progress 85.87%
2026-05-10 13:31:33 (2653628) [INFO]	Progress 85.99%
2026-05-10 13:31:34 (2653628) [INFO]	Progress 86.1%
2026-05-10 13:31:35 (2653628) [INFO]	Progress 86.22%
2026-05-10 13:31:35 (2653628) [INFO]	Progress 86.46%
2026-05-10 13:31:39 (2653628) [INFO]	Progress 86.58%
2026-05-10 13:31:43 (2653628) [INFO]	Progress 86.7%
2026-05-10 13:31:43 (2653628) [INFO]	Progress 86.82%
2026-05-10 13:31:44 (2653628) [INFO]	Progress 86.94%
2026-05-10 13:31:45 (2653628) [INFO]	Progress 87.05%
2026-05-10 13:31:45 (2653628) [INFO]	Progress 87.17%
2026-05-10 13:31:46 (2653628) [INFO]	Progress 87.29%
2026-05-10 13:31:48 (2653628) [INFO]	Progress 87.41%
2026-05-10 13:31:50 (2653628) [INFO]	Progress 87.53%
2026-05-10 13:31:51 (2653628) [INFO]	Progress 87.65%
2026-05-10 13:31:53 (2653628) [INFO]	Progress 87.77%
2026-05-10 13:31:55 (2653628) [INFO]	Progress 87.89%
2026-05-10 13:31:55 (2653628) [INFO]	Progress 88.0%
2026-05-10 13:31:57 (2653628) [INFO]	Progress 88.12%
2026-05-10 13:31:58 (2653628) [INFO]	Progress 88.24%
2026-05-10 13:31:59 (2653628) [INFO]	Progress 88.36%
2026-05-10 13:32:03 (2653628) [INFO]	Progress 88.48%
2026-05-10 13:32:05 (2653628) [INFO]	Progress 88.6%
2026-05-10 13:32:07 (2653628) [INFO]	Progress 88.72%
2026-05-10 13:32:08 (2653628) [INFO]	Progress 88.84%
2026-05-10 13:32:08 (2653628) [INFO]	Progress 88.95%
2026-05-10 13:32:08 (2653628) [INFO]	Progress 89.07%
2026-05-10 13:32:09 (2653628) [INFO]	Progress 89.19%
2026-05-10 13:32:14 (2653628) [INFO]	Progress 89.31%
2026-05-10 13:32:15 (2653628) [INFO]	Progress 89.43%
2026-05-10 13:32:15 (2653628) [INFO]	Progress 89.55%
2026-05-10 13:32:15 (2653628) [INFO]	Progress 89.67%
2026-05-10 13:32:17 (2653628) [INFO]	Progress 89.79%
2026-05-10 13:32:20 (2653628) [INFO]	Progress 89.9%
2026-05-10 13:32:20 (2653628) [INFO]	Progress 90.02%
2026-05-10 13:32:21 (2653628) [INFO]	Progress 90.14%
2026-05-10 13:32:24 (2653628) [INFO]	Progress 90.26%
2026-05-10 13:32:24 (2653628) [INFO]	Progress 90.38%
2026-05-10 13:32:25 (2653628) [INFO]	Progress 90.5%
2026-05-10 13:32:25 (2653628) [INFO]	Progress 90.62%
2026-05-10 13:32:29 (2653628) [INFO]	Progress 90.74%
2026-05-10 13:32:31 (2653628) [INFO]	Progress 90.86%
2026-05-10 13:32:33 (2653628) [INFO]	Progress 90.97%
2026-05-10 13:32:33 (2653628) [INFO]	Progress 91.21%
2026-05-10 13:32:33 (2653628) [INFO]	Progress 91.33%
2026-05-10 13:32:35 (2653628) [INFO]	Progress 91.45%
2026-05-10 13:32:37 (2653628) [INFO]	Progress 91.57%
2026-05-10 13:32:38 (2653628) [INFO]	Progress 91.69%
2026-05-10 13:32:39 (2653628) [INFO]	Progress 91.81%
2026-05-10 13:32:42 (2653628) [INFO]	Progress 91.92%
2026-05-10 13:32:43 (2653628) [INFO]	Progress 92.04%
2026-05-10 13:32:45 (2653628) [INFO]	Progress 92.16%
2026-05-10 13:32:45 (2653628) [INFO]	Progress 92.28%
2026-05-10 13:32:45 (2653628) [INFO]	Progress 92.4%
2026-05-10 13:32:46 (2653628) [INFO]	Progress 92.52%
2026-05-10 13:32:47 (2653628) [INFO]	Progress 92.76%
2026-05-10 13:32:48 (2653628) [INFO]	Progress 92.87%
2026-05-10 13:32:50 (2653628) [INFO]	Progress 92.99%
2026-05-10 13:32:52 (2653628) [INFO]	Progress 93.11%
2026-05-10 13:32:53 (2653628) [INFO]	Progress 93.23%
2026-05-10 13:32:54 (2653628) [INFO]	Progress 93.35%
2026-05-10 13:32:56 (2653628) [INFO]	Progress 93.47%
2026-05-10 13:32:57 (2653628) [INFO]	Progress 93.59%
2026-05-10 13:32:58 (2653628) [INFO]	Progress 93.71%
2026-05-10 13:32:58 (2653628) [INFO]	Progress 93.82%
2026-05-10 13:33:02 (2653628) [INFO]	Progress 93.94%
2026-05-10 13:33:02 (2653628) [INFO]	Progress 94.06%
2026-05-10 13:33:04 (2653628) [INFO]	Progress 94.18%
2026-05-10 13:33:04 (2653628) [INFO]	Progress 94.3%
2026-05-10 13:33:06 (2653628) [INFO]	Progress 94.42%
2026-05-10 13:33:08 (2653628) [INFO]	Progress 94.54%
2026-05-10 13:33:09 (2653628) [INFO]	Progress 94.66%
2026-05-10 13:33:10 (2653628) [INFO]	Progress 94.77%
2026-05-10 13:33:10 (2653628) [INFO]	Progress 94.89%
2026-05-10 13:33:12 (2653628) [INFO]	Progress 95.01%
2026-05-10 13:33:12 (2653628) [INFO]	Progress 95.13%
2026-05-10 13:33:14 (2653628) [INFO]	Progress 95.25%
2026-05-10 13:33:15 (2653628) [INFO]	Progress 95.37%
2026-05-10 13:33:16 (2653628) [INFO]	Progress 95.49%
2026-05-10 13:33:17 (2653628) [INFO]	Progress 95.61%
2026-05-10 13:33:20 (2653628) [INFO]	Progress 95.72%
2026-05-10 13:33:20 (2653628) [INFO]	Progress 95.84%
2026-05-10 13:33:22 (2653628) [INFO]	Progress 95.96%
2026-05-10 13:33:23 (2653628) [INFO]	Progress 96.08%
2026-05-10 13:33:29 (2653628) [INFO]	Progress 96.2%
2026-05-10 13:33:29 (2653628) [INFO]	Progress 96.32%
2026-05-10 13:33:32 (2653628) [INFO]	Progress 96.44%
2026-05-10 13:33:38 (2653628) [INFO]	Progress 96.56%
2026-05-10 13:33:38 (2653628) [INFO]	Progress 96.67%
2026-05-10 13:33:39 (2653628) [INFO]	Progress 96.79%
2026-05-10 13:33:41 (2653628) [INFO]	Progress 96.91%
2026-05-10 13:33:42 (2653628) [INFO]	Progress 97.03%
2026-05-10 13:33:42 (2653628) [INFO]	Progress 97.15%
2026-05-10 13:33:44 (2653628) [INFO]	Progress 97.27%
2026-05-10 13:33:44 (2653628) [INFO]	Progress 97.39%
2026-05-10 13:33:45 (2653628) [INFO]	Progress 97.51%
2026-05-10 13:33:47 (2653628) [INFO]	Progress 97.62%
2026-05-10 13:33:48 (2653628) [INFO]	Progress 97.74%
2026-05-10 13:33:48 (2653628) [INFO]	Progress 97.86%
2026-05-10 13:33:49 (2653628) [INFO]	Progress 97.98%
2026-05-10 13:33:56 (2653628) [INFO]	Progress 98.1%
2026-05-10 13:33:57 (2653628) [INFO]	Progress 98.22%
2026-05-10 13:33:59 (2653628) [INFO]	Progress 98.46%
2026-05-10 13:34:01 (2653628) [INFO]	Progress 98.57%
2026-05-10 13:34:02 (2653628) [INFO]	Progress 98.69%
2026-05-10 13:34:04 (2653628) [INFO]	Progress 98.81%
2026-05-10 13:34:04 (2653628) [INFO]	Progress 98.93%
2026-05-10 13:34:05 (2653628) [INFO]	Progress 99.05%
2026-05-10 13:34:05 (2653628) [INFO]	Progress 99.29%
2026-05-10 13:34:06 (2653628) [INFO]	Progress 99.41%
2026-05-10 13:34:13 (2653628) [INFO]	Progress 99.52%
2026-05-10 13:34:18 (2653628) [INFO]	Progress 99.64%
2026-05-10 13:34:19 (2653628) [INFO]	Progress 99.76%
2026-05-10 13:34:24 (2653628) [INFO]	Progress 99.88%
2026-05-10 13:34:24 (2653628) [INFO]	Progress 100.0%
2026-05-10 13:34:24 (2653628) [INFO]	Progress done!
2026-05-10 13:34:24 (2653628) [INFO]	Concatenating results from subsets

2026-05-10 13:34:26 (2653628) [INFO]	Writing all_bindetect files
2026-05-10 13:34:26 (2653628) [INFO]	Creating BINDetect plot(s)
2026-05-10 13:34:26 (2653628) [INFO]	- KO / WT (static plot)
2026-05-10 13:34:56 (2653628) [INFO]	- KO / WT (interactive plot)

2026-05-10 13:34:56 (2653628) [INFO]	Finished BINDetect run (total time elapsed: 0:19:09.610576)
# TOBIAS 0.17.3 BINDetect (run started 2026-05-10 13:35:07.168437)
# Working directory: /projects/svankamamidi@xsede.org/Project_Tbet_ATACseq/2_TOBIAS_scripts
# Command line call: TOBIAS BINDetect --motifs /pl/active/getahun_lab/atacseq_refdata/JASPAR2022_CORE_vertebrates_non-redundant_pfms_meme/JASPAR2022_CORE_vertebrates.meme --signals /pl/active/getahun_lab/Project_tbet_ATACseq/TOBIAS/FootprintScores_Output/LA21_KO.merged_footprints.bw /pl/active/getahun_lab/Project_tbet_ATACseq/TOBIAS/FootprintScores_Output/LA21_WT.merged_footprints.bw --genome /pl/active/getahun_lab/atacseq_refdata/genomes/mm10_primary/mm10.fa --peaks /pl/active/getahun_lab/Project_tbet_ATACseq/consensus_peaks/ALL8_union_peaks.bed --outdir /pl/active/getahun_lab/Project_tbet_ATACseq/TOBIAS/BINDetect/LA21_KO_vs_WT --cond_names KO WT --cores 18

# ----- Input parameters -----
# signals:	['/pl/active/getahun_lab/Project_tbet_ATACseq/TOBIAS/FootprintScores_Output/LA21_KO.merged_footprints.bw', '/pl/active/getahun_lab/Project_tbet_ATACseq/TOBIAS/FootprintScores_Output/LA21_WT.merged_footprints.bw']
# peaks:	/pl/active/getahun_lab/Project_tbet_ATACseq/consensus_peaks/ALL8_union_peaks.bed
# motifs:	['/pl/active/getahun_lab/atacseq_refdata/JASPAR2022_CORE_vertebrates_non-redundant_pfms_meme/JASPAR2022_CORE_vertebrates.meme']
# genome:	/pl/active/getahun_lab/atacseq_refdata/genomes/mm10_primary/mm10.fa
# cond_names:	['KO', 'WT']
# peak_header:	None
# naming:	name_id
# motif_pvalue:	0.0001
# bound_pvalue:	0.001
# cluster_threshold:	0.5
# pseudo:	None
# time_series:	False
# skip_excel:	False
# output_peaks:	None
# norm_off:	False
# prefix:	bindetect
# outdir:	/pl/active/getahun_lab/Project_tbet_ATACseq/TOBIAS/BINDetect/LA21_KO_vs_WT
# cores:	18
# split:	100
# debug:	False
# verbosity:	3


# ----- Output files -----
# /pl/active/getahun_lab/Project_tbet_ATACseq/TOBIAS/BINDetect/LA21_KO_vs_WT/*/beds/*_KO_bound.bed
# /pl/active/getahun_lab/Project_tbet_ATACseq/TOBIAS/BINDetect/LA21_KO_vs_WT/*/beds/*_KO_unbound.bed
# /pl/active/getahun_lab/Project_tbet_ATACseq/TOBIAS/BINDetect/LA21_KO_vs_WT/*/beds/*_WT_bound.bed
# /pl/active/getahun_lab/Project_tbet_ATACseq/TOBIAS/BINDetect/LA21_KO_vs_WT/*/beds/*_WT_unbound.bed
# /pl/active/getahun_lab/Project_tbet_ATACseq/TOBIAS/BINDetect/LA21_KO_vs_WT/*/beds/*_all.bed
# /pl/active/getahun_lab/Project_tbet_ATACseq/TOBIAS/BINDetect/LA21_KO_vs_WT/*/plots/*_log2fcs.pdf
# /pl/active/getahun_lab/Project_tbet_ATACseq/TOBIAS/BINDetect/LA21_KO_vs_WT/*/*_overview.txt
# /pl/active/getahun_lab/Project_tbet_ATACseq/TOBIAS/BINDetect/LA21_KO_vs_WT/*/*_overview.xlsx
# /pl/active/getahun_lab/Project_tbet_ATACseq/TOBIAS/BINDetect/LA21_KO_vs_WT/bindetect_distances.txt
# /pl/active/getahun_lab/Project_tbet_ATACseq/TOBIAS/BINDetect/LA21_KO_vs_WT/bindetect_results.txt
# /pl/active/getahun_lab/Project_tbet_ATACseq/TOBIAS/BINDetect/LA21_KO_vs_WT/bindetect_results.xlsx
# /pl/active/getahun_lab/Project_tbet_ATACseq/TOBIAS/BINDetect/LA21_KO_vs_WT/bindetect_figures.pdf


2026-05-10 13:35:07 (2664730) [INFO]	----- Processing input data -----
2026-05-10 13:35:07 (2664730) [INFO]	Checking reading/writing of files
2026-05-10 13:35:07 (2664730) [INFO]	Reading peaks
2026-05-10 13:35:07 (2664730) [INFO]	- Found 168221 regions in input peaks
2026-05-10 13:35:08 (2664730) [INFO]	- Merged to 168221 regions
2026-05-10 13:35:08 (2664730) [INFO]	Checking for match between --peaks and --fasta/--signals boundaries
2026-05-10 13:35:08 (2664730) [INFO]	- Comparing peaks to /pl/active/getahun_lab/atacseq_refdata/genomes/mm10_primary/mm10.fa
2026-05-10 13:35:08 (2664730) [INFO]	- Comparing peaks to /pl/active/getahun_lab/Project_tbet_ATACseq/TOBIAS/FootprintScores_Output/LA21_KO.merged_footprints.bw
2026-05-10 13:35:08 (2664730) [INFO]	- Comparing peaks to /pl/active/getahun_lab/Project_tbet_ATACseq/TOBIAS/FootprintScores_Output/LA21_WT.merged_footprints.bw
2026-05-10 13:35:08 (2664730) [INFO]	Estimating GC content from peak sequences
2026-05-10 13:35:09 (2664730) [INFO]	- GC content estimated at 47.34%
2026-05-10 13:35:09 (2664730) [INFO]	Reading motifs from file
2026-05-10 13:35:09 (2664730) [INFO]	- Read 842 motifs
2026-05-10 13:35:09 (2664730) [WARNING]	The motif output names (as given by --naming) are not unique.
2026-05-10 13:35:09 (2664730) [WARNING]	The following names occur more than once: ['MA0002.2.RUNX1_MA0002.2']
2026-05-10 13:35:09 (2664730) [WARNING]	These motifs will be renamed with '_1', '_2' etc. To prevent this renaming, please make the names of the input --motifs unique
2026-05-10 13:35:09 (2664730) [INFO]	Creating folder structure for each TF
2026-05-10 13:35:11 (2664730) [INFO]	Plotting sequence logos for each motif
2026-05-10 13:35:11 (2664730) [INFO]	Progress 0%
2026-05-10 13:35:12 (2664730) [INFO]	Progress 0.48%
2026-05-10 13:35:12 (2664730) [INFO]	Progress 1.78%
2026-05-10 13:35:12 (2664730) [INFO]	Progress 2.26%
2026-05-10 13:35:12 (2664730) [INFO]	Progress 2.73%
2026-05-10 13:35:12 (2664730) [INFO]	Progress 3.44%
2026-05-10 13:35:12 (2664730) [INFO]	Progress 4.04%
2026-05-10 13:35:12 (2664730) [INFO]	Progress 4.75%
2026-05-10 13:35:12 (2664730) [INFO]	Progress 5.11%
2026-05-10 13:35:12 (2664730) [INFO]	Progress 6.06%
2026-05-10 13:35:13 (2664730) [INFO]	Progress 6.41%
2026-05-10 13:35:13 (2664730) [INFO]	Progress 6.89%
2026-05-10 13:35:13 (2664730) [INFO]	Progress 7.84%
2026-05-10 13:35:13 (2664730) [INFO]	Progress 8.55%
2026-05-10 13:35:13 (2664730) [INFO]	Progress 8.79%
2026-05-10 13:35:13 (2664730) [INFO]	Progress 9.26%
2026-05-10 13:35:13 (2664730) [INFO]	Progress 10.45%
2026-05-10 13:35:13 (2664730) [INFO]	Progress 10.93%
2026-05-10 13:35:13 (2664730) [INFO]	Progress 11.28%
2026-05-10 13:35:13 (2664730) [INFO]	Progress 11.88%
2026-05-10 13:35:14 (2664730) [INFO]	Progress 12.59%
2026-05-10 13:35:14 (2664730) [INFO]	Progress 13.06%
2026-05-10 13:35:14 (2664730) [INFO]	Progress 13.78%
2026-05-10 13:35:14 (2664730) [INFO]	Progress 14.25%
2026-05-10 13:35:14 (2664730) [INFO]	Progress 14.73%
2026-05-10 13:35:14 (2664730) [INFO]	Progress 15.32%
2026-05-10 13:35:14 (2664730) [INFO]	Progress 15.91%
2026-05-10 13:35:14 (2664730) [INFO]	Progress 16.63%
2026-05-10 13:35:14 (2664730) [INFO]	Progress 17.46%
2026-05-10 13:35:14 (2664730) [INFO]	Progress 17.93%
2026-05-10 13:35:15 (2664730) [INFO]	Progress 18.76%
2026-05-10 13:35:15 (2664730) [INFO]	Progress 18.88%
2026-05-10 13:35:15 (2664730) [INFO]	Progress 19.71%
2026-05-10 13:35:15 (2664730) [INFO]	Progress 20.43%
2026-05-10 13:35:15 (2664730) [INFO]	Progress 21.14%
2026-05-10 13:35:15 (2664730) [INFO]	Progress 21.62%
2026-05-10 13:35:15 (2664730) [INFO]	Progress 22.33%
2026-05-10 13:35:15 (2664730) [INFO]	Progress 23.04%
2026-05-10 13:35:15 (2664730) [INFO]	Progress 23.52%
2026-05-10 13:35:15 (2664730) [INFO]	Progress 24.11%
2026-05-10 13:35:16 (2664730) [INFO]	Progress 25.3%
2026-05-10 13:35:16 (2664730) [INFO]	Progress 25.77%
2026-05-10 13:35:16 (2664730) [INFO]	Progress 26.37%
2026-05-10 13:35:16 (2664730) [INFO]	Progress 27.08%
2026-05-10 13:35:16 (2664730) [INFO]	Progress 27.91%
2026-05-10 13:35:16 (2664730) [INFO]	Progress 28.62%
2026-05-10 13:35:16 (2664730) [INFO]	Progress 29.33%
2026-05-10 13:35:16 (2664730) [INFO]	Progress 29.93%
2026-05-10 13:35:16 (2664730) [INFO]	Progress 30.64%
2026-05-10 13:35:16 (2664730) [INFO]	Progress 31.35%
2026-05-10 13:35:17 (2664730) [INFO]	Progress 32.19%
2026-05-10 13:35:17 (2664730) [INFO]	Progress 32.9%
2026-05-10 13:35:17 (2664730) [INFO]	Progress 33.14%
2026-05-10 13:35:17 (2664730) [INFO]	Progress 34.32%
2026-05-10 13:35:17 (2664730) [INFO]	Progress 34.8%
2026-05-10 13:35:17 (2664730) [INFO]	Progress 35.27%
2026-05-10 13:35:17 (2664730) [INFO]	Progress 36.34%
2026-05-10 13:35:17 (2664730) [INFO]	Progress 36.7%
2026-05-10 13:35:17 (2664730) [INFO]	Progress 36.94%
2026-05-10 13:35:17 (2664730) [INFO]	Progress 38.48%
2026-05-10 13:35:18 (2664730) [INFO]	Progress 38.6%
2026-05-10 13:35:18 (2664730) [INFO]	Progress 39.07%
2026-05-10 13:35:18 (2664730) [INFO]	Progress 39.79%
2026-05-10 13:35:18 (2664730) [INFO]	Progress 40.5%
2026-05-10 13:35:18 (2664730) [INFO]	Progress 40.74%
2026-05-10 13:35:18 (2664730) [INFO]	Progress 41.81%
2026-05-10 13:35:18 (2664730) [INFO]	Progress 42.28%
2026-05-10 13:35:18 (2664730) [INFO]	Progress 42.99%
2026-05-10 13:35:18 (2664730) [INFO]	Progress 43.71%
2026-05-10 13:35:18 (2664730) [INFO]	Progress 44.42%
2026-05-10 13:35:19 (2664730) [INFO]	Progress 44.89%
2026-05-10 13:35:19 (2664730) [INFO]	Progress 45.61%
2026-05-10 13:35:19 (2664730) [INFO]	Progress 46.32%
2026-05-10 13:35:19 (2664730) [INFO]	Progress 46.91%
2026-05-10 13:35:19 (2664730) [INFO]	Progress 47.74%
2026-05-10 13:35:19 (2664730) [INFO]	Progress 48.22%
2026-05-10 13:35:19 (2664730) [INFO]	Progress 48.69%
2026-05-10 13:35:19 (2664730) [INFO]	Progress 49.88%
2026-05-10 13:35:19 (2664730) [INFO]	Progress 50.48%
2026-05-10 13:35:19 (2664730) [INFO]	Progress 50.71%
2026-05-10 13:35:20 (2664730) [INFO]	Progress 51.78%
2026-05-10 13:35:20 (2664730) [INFO]	Progress 52.26%
2026-05-10 13:35:20 (2664730) [INFO]	Progress 53.09%
2026-05-10 13:35:20 (2664730) [INFO]	Progress 53.21%
2026-05-10 13:35:20 (2664730) [INFO]	Progress 54.04%
2026-05-10 13:35:20 (2664730) [INFO]	Progress 54.51%
2026-05-10 13:35:20 (2664730) [INFO]	Progress 54.63%
2026-05-10 13:35:20 (2664730) [INFO]	Progress 55.34%
2026-05-10 13:35:20 (2664730) [INFO]	Progress 56.18%
2026-05-10 13:35:20 (2664730) [INFO]	Progress 56.89%
2026-05-10 13:35:20 (2664730) [INFO]	Progress 57.36%
2026-05-10 13:35:21 (2664730) [INFO]	Progress 58.31%
2026-05-10 13:35:21 (2664730) [INFO]	Progress 58.55%
2026-05-10 13:35:21 (2664730) [INFO]	Progress 59.14%
2026-05-10 13:35:21 (2664730) [INFO]	Progress 59.74%
2026-05-10 13:35:21 (2664730) [INFO]	Progress 60.57%
2026-05-10 13:35:21 (2664730) [INFO]	Progress 60.69%
2026-05-10 13:35:21 (2664730) [INFO]	Progress 61.76%
2026-05-10 13:35:21 (2664730) [INFO]	Progress 62.59%
2026-05-10 13:35:21 (2664730) [INFO]	Progress 62.71%
2026-05-10 13:35:21 (2664730) [INFO]	Progress 63.42%
2026-05-10 13:35:22 (2664730) [INFO]	Progress 64.37%
2026-05-10 13:35:22 (2664730) [INFO]	Progress 64.96%
2026-05-10 13:35:22 (2664730) [INFO]	Progress 65.68%
2026-05-10 13:35:22 (2664730) [INFO]	Progress 66.27%
2026-05-10 13:35:22 (2664730) [INFO]	Progress 66.86%
2026-05-10 13:35:22 (2664730) [INFO]	Progress 67.22%
2026-05-10 13:35:22 (2664730) [INFO]	Progress 68.17%
2026-05-10 13:35:22 (2664730) [INFO]	Progress 68.53%
2026-05-10 13:35:22 (2664730) [INFO]	Progress 69.12%
2026-05-10 13:35:22 (2664730) [INFO]	Progress 70.19%
2026-05-10 13:35:23 (2664730) [INFO]	Progress 70.67%
2026-05-10 13:35:23 (2664730) [INFO]	Progress 71.97%
2026-05-10 13:35:23 (2664730) [INFO]	Progress 72.33%
2026-05-10 13:35:23 (2664730) [INFO]	Progress 73.04%
2026-05-10 13:35:23 (2664730) [INFO]	Progress 73.75%
2026-05-10 13:35:23 (2664730) [INFO]	Progress 74.23%
2026-05-10 13:35:23 (2664730) [INFO]	Progress 74.94%
2026-05-10 13:35:23 (2664730) [INFO]	Progress 75.53%
2026-05-10 13:35:23 (2664730) [INFO]	Progress 76.13%
2026-05-10 13:35:23 (2664730) [INFO]	Progress 76.96%
2026-05-10 13:35:24 (2664730) [INFO]	Progress 77.2%
2026-05-10 13:35:24 (2664730) [INFO]	Progress 78.15%
2026-05-10 13:35:24 (2664730) [INFO]	Progress 78.98%
2026-05-10 13:35:24 (2664730) [INFO]	Progress 79.33%
2026-05-10 13:35:24 (2664730) [INFO]	Progress 79.93%
2026-05-10 13:35:24 (2664730) [INFO]	Progress 80.4%
2026-05-10 13:35:24 (2664730) [INFO]	Progress 80.76%
2026-05-10 13:35:24 (2664730) [INFO]	Progress 81.12%
2026-05-10 13:35:24 (2664730) [INFO]	Progress 81.71%
2026-05-10 13:35:25 (2664730) [INFO]	Progress 82.07%
2026-05-10 13:35:25 (2664730) [INFO]	Progress 82.9%
2026-05-10 13:35:25 (2664730) [INFO]	Progress 83.49%
2026-05-10 13:35:25 (2664730) [INFO]	Progress 83.61%
2026-05-10 13:35:25 (2664730) [INFO]	Progress 84.92%
2026-05-10 13:35:25 (2664730) [INFO]	Progress 85.27%
2026-05-10 13:35:25 (2664730) [INFO]	Progress 85.63%
2026-05-10 13:35:25 (2664730) [INFO]	Progress 86.58%
2026-05-10 13:35:25 (2664730) [INFO]	Progress 86.94%
2026-05-10 13:35:25 (2664730) [INFO]	Progress 87.53%
2026-05-10 13:35:26 (2664730) [INFO]	Progress 88.24%
2026-05-10 13:35:26 (2664730) [INFO]	Progress 88.6%
2026-05-10 13:35:26 (2664730) [INFO]	Progress 89.19%
2026-05-10 13:35:26 (2664730) [INFO]	Progress 90.14%
2026-05-10 13:35:26 (2664730) [INFO]	Progress 90.74%
2026-05-10 13:35:26 (2664730) [INFO]	Progress 91.09%
2026-05-10 13:35:26 (2664730) [INFO]	Progress 91.33%
2026-05-10 13:35:26 (2664730) [INFO]	Progress 91.92%
2026-05-10 13:35:26 (2664730) [INFO]	Progress 92.87%
2026-05-10 13:35:27 (2664730) [INFO]	Progress 92.99%
2026-05-10 13:35:27 (2664730) [INFO]	Progress 93.71%
2026-05-10 13:35:27 (2664730) [INFO]	Progress 94.54%
2026-05-10 13:35:27 (2664730) [INFO]	Progress 94.77%
2026-05-10 13:35:27 (2664730) [INFO]	Progress 95.49%
2026-05-10 13:35:27 (2664730) [INFO]	Progress 95.96%
2026-05-10 13:35:27 (2664730) [INFO]	Progress 96.32%
2026-05-10 13:35:27 (2664730) [INFO]	Progress 96.79%
2026-05-10 13:35:27 (2664730) [INFO]	Progress 97.39%
2026-05-10 13:35:27 (2664730) [INFO]	Progress 97.98%
2026-05-10 13:35:28 (2664730) [INFO]	Progress 98.69%
2026-05-10 13:35:28 (2664730) [INFO]	Progress 99.29%
2026-05-10 13:35:28 (2664730) [INFO]	Progress 99.88%
2026-05-10 13:35:28 (2664730) [INFO]	Progress 100.0%
2026-05-10 13:35:28 (2664730) [INFO]	Progress done!


2026-05-10 13:35:28 (2664730) [INFO]	Scanning for motifs and matching to signals...
2026-05-10 13:35:28 (2664730) [INFO]	Progress 0%
2026-05-10 13:35:55 (2664730) [INFO]	Progress 1.0%
2026-05-10 13:35:56 (2664730) [INFO]	Progress 2.0%
2026-05-10 13:35:58 (2664730) [INFO]	Progress 3.0%
2026-05-10 13:35:58 (2664730) [INFO]	Progress 4.0%
2026-05-10 13:35:59 (2664730) [INFO]	Progress 5.0%
2026-05-10 13:35:59 (2664730) [INFO]	Progress 6.0%
2026-05-10 13:35:59 (2664730) [INFO]	Progress 7.0%
2026-05-10 13:36:01 (2664730) [INFO]	Progress 8.0%
2026-05-10 13:36:01 (2664730) [INFO]	Progress 9.0%
2026-05-10 13:36:01 (2664730) [INFO]	Progress 10.0%
2026-05-10 13:36:01 (2664730) [INFO]	Progress 11.0%
2026-05-10 13:36:02 (2664730) [INFO]	Progress 12.0%
2026-05-10 13:36:02 (2664730) [INFO]	Progress 13.0%
2026-05-10 13:36:03 (2664730) [INFO]	Progress 14.0%
2026-05-10 13:36:04 (2664730) [INFO]	Progress 15.0%
2026-05-10 13:36:05 (2664730) [INFO]	Progress 16.0%
2026-05-10 13:36:13 (2664730) [INFO]	Progress 17.0%
2026-05-10 13:36:25 (2664730) [INFO]	Progress 18.0%
2026-05-10 13:36:26 (2664730) [INFO]	Progress 19.0%
2026-05-10 13:36:27 (2664730) [INFO]	Progress 20.0%
2026-05-10 13:36:29 (2664730) [INFO]	Progress 21.0%
2026-05-10 13:36:31 (2664730) [INFO]	Progress 22.0%
2026-05-10 13:36:32 (2664730) [INFO]	Progress 23.0%
2026-05-10 13:36:32 (2664730) [INFO]	Progress 24.0%
2026-05-10 13:36:33 (2664730) [INFO]	Progress 25.0%
2026-05-10 13:36:33 (2664730) [INFO]	Progress 26.0%
2026-05-10 13:36:33 (2664730) [INFO]	Progress 27.0%
2026-05-10 13:36:34 (2664730) [INFO]	Progress 28.0%
2026-05-10 13:36:34 (2664730) [INFO]	Progress 29.0%
2026-05-10 13:36:34 (2664730) [INFO]	Progress 30.0%
2026-05-10 13:36:34 (2664730) [INFO]	Progress 32.0%
2026-05-10 13:36:35 (2664730) [INFO]	Progress 33.0%
2026-05-10 13:36:45 (2664730) [INFO]	Progress 34.0%
2026-05-10 13:36:58 (2664730) [INFO]	Progress 35.0%
2026-05-10 13:37:00 (2664730) [INFO]	Progress 36.0%
2026-05-10 13:37:00 (2664730) [INFO]	Progress 37.0%
2026-05-10 13:37:01 (2664730) [INFO]	Progress 38.0%
2026-05-10 13:37:02 (2664730) [INFO]	Progress 39.0%
2026-05-10 13:37:02 (2664730) [INFO]	Progress 40.0%
2026-05-10 13:37:03 (2664730) [INFO]	Progress 41.0%
2026-05-10 13:37:03 (2664730) [INFO]	Progress 42.0%
2026-05-10 13:37:04 (2664730) [INFO]	Progress 43.0%
2026-05-10 13:37:05 (2664730) [INFO]	Progress 45.0%
2026-05-10 13:37:05 (2664730) [INFO]	Progress 46.0%
2026-05-10 13:37:06 (2664730) [INFO]	Progress 47.0%
2026-05-10 13:37:08 (2664730) [INFO]	Progress 48.0%
2026-05-10 13:37:14 (2664730) [INFO]	Progress 49.0%
2026-05-10 13:37:15 (2664730) [INFO]	Progress 50.0%
2026-05-10 13:37:22 (2664730) [INFO]	Progress 51.0%
2026-05-10 13:37:29 (2664730) [INFO]	Progress 52.0%
2026-05-10 13:37:31 (2664730) [INFO]	Progress 53.0%
2026-05-10 13:37:32 (2664730) [INFO]	Progress 54.0%
2026-05-10 13:37:33 (2664730) [INFO]	Progress 55.0%
2026-05-10 13:37:33 (2664730) [INFO]	Progress 56.0%
2026-05-10 13:37:34 (2664730) [INFO]	Progress 57.0%
2026-05-10 13:37:34 (2664730) [INFO]	Progress 58.0%
2026-05-10 13:37:34 (2664730) [INFO]	Progress 59.0%
2026-05-10 13:37:36 (2664730) [INFO]	Progress 60.0%
2026-05-10 13:37:36 (2664730) [INFO]	Progress 61.0%
2026-05-10 13:37:37 (2664730) [INFO]	Progress 62.0%
2026-05-10 13:37:40 (2664730) [INFO]	Progress 63.0%
2026-05-10 13:37:41 (2664730) [INFO]	Progress 64.0%
2026-05-10 13:37:42 (2664730) [INFO]	Progress 65.0%
2026-05-10 13:37:45 (2664730) [INFO]	Progress 66.0%
2026-05-10 13:37:46 (2664730) [INFO]	Progress 67.0%
2026-05-10 13:37:57 (2664730) [INFO]	Progress 68.0%
2026-05-10 13:38:01 (2664730) [INFO]	Progress 69.0%
2026-05-10 13:38:01 (2664730) [INFO]	Progress 70.0%
2026-05-10 13:38:05 (2664730) [INFO]	Progress 71.0%
2026-05-10 13:38:05 (2664730) [INFO]	Progress 72.0%
2026-05-10 13:38:05 (2664730) [INFO]	Progress 73.0%
2026-05-10 13:38:07 (2664730) [INFO]	Progress 74.0%
2026-05-10 13:38:07 (2664730) [INFO]	Progress 75.0%
2026-05-10 13:38:08 (2664730) [INFO]	Progress 76.0%
2026-05-10 13:38:09 (2664730) [INFO]	Progress 77.0%
2026-05-10 13:38:11 (2664730) [INFO]	Progress 78.0%
2026-05-10 13:38:13 (2664730) [INFO]	Progress 79.0%
2026-05-10 13:38:13 (2664730) [INFO]	Progress 80.0%
2026-05-10 13:38:14 (2664730) [INFO]	Progress 81.0%
2026-05-10 13:38:14 (2664730) [INFO]	Progress 82.0%
2026-05-10 13:38:23 (2664730) [INFO]	Progress 83.0%
2026-05-10 13:38:29 (2664730) [INFO]	Progress 84.0%
2026-05-10 13:38:31 (2664730) [INFO]	Progress 85.0%
2026-05-10 13:38:33 (2664730) [INFO]	Progress 86.0%
2026-05-10 13:38:33 (2664730) [INFO]	Progress 87.0%
2026-05-10 13:38:34 (2664730) [INFO]	Progress 88.0%
2026-05-10 13:38:36 (2664730) [INFO]	Progress 89.0%
2026-05-10 13:38:38 (2664730) [INFO]	Progress 90.0%
2026-05-10 13:38:40 (2664730) [INFO]	Progress 91.0%
2026-05-10 13:38:41 (2664730) [INFO]	Progress 92.0%
2026-05-10 13:38:42 (2664730) [INFO]	Progress 93.0%
2026-05-10 13:38:43 (2664730) [INFO]	Progress 94.0%
2026-05-10 13:38:43 (2664730) [INFO]	Progress 95.0%
2026-05-10 13:38:44 (2664730) [INFO]	Progress 96.0%
2026-05-10 13:38:44 (2664730) [INFO]	Progress 97.0%
2026-05-10 13:38:44 (2664730) [INFO]	Progress 98.0%
2026-05-10 13:38:44 (2664730) [INFO]	Progress 99.0%
2026-05-10 13:38:47 (2664730) [INFO]	Progress 100.0%
2026-05-10 13:38:47 (2664730) [INFO]	Progress done!
2026-05-10 13:38:47 (2664730) [INFO]	Done scanning for TFBS across regions!
2026-05-10 13:38:47 (2664730) [INFO]	Waiting for bedfiles to write
2026-05-10 13:38:50 (2664730) [INFO]	Merging results from subsets

2026-05-10 13:39:24 (2664730) [INFO]	Normalizing scores across conditions
2026-05-10 13:39:28 (2664730) [INFO]	Estimating bound/unbound threshold
2026-05-10 13:39:38 (2664730) [STATS]	- Threshold estimated at: 0.05431

2026-05-10 13:39:38 (2664730) [INFO]	Calculating background log2 fold-changes between conditions
2026-05-10 13:39:38 (2664730) [INFO]	- KO / WT

2026-05-10 13:39:38 (2664730) [INFO]	Processing scanned TFBS individually
2026-05-10 13:39:38 (2664730) [INFO]	Progress 0%
2026-05-10 13:39:40 (2664730) [INFO]	Progress 0.12%
2026-05-10 13:39:42 (2664730) [INFO]	Progress 0.24%
2026-05-10 13:39:45 (2664730) [INFO]	Progress 0.36%
2026-05-10 13:39:46 (2664730) [INFO]	Progress 0.48%
2026-05-10 13:39:47 (2664730) [INFO]	Progress 0.59%
2026-05-10 13:39:47 (2664730) [INFO]	Progress 0.71%
2026-05-10 13:39:47 (2664730) [INFO]	Progress 0.83%
2026-05-10 13:39:48 (2664730) [INFO]	Progress 0.95%
2026-05-10 13:39:48 (2664730) [INFO]	Progress 1.07%
2026-05-10 13:39:51 (2664730) [INFO]	Progress 1.19%
2026-05-10 13:39:51 (2664730) [INFO]	Progress 1.31%
2026-05-10 13:39:52 (2664730) [INFO]	Progress 1.43%
2026-05-10 13:39:53 (2664730) [INFO]	Progress 1.54%
2026-05-10 13:39:54 (2664730) [INFO]	Progress 1.66%
2026-05-10 13:39:56 (2664730) [INFO]	Progress 1.78%
2026-05-10 13:39:58 (2664730) [INFO]	Progress 1.9%
2026-05-10 13:39:58 (2664730) [INFO]	Progress 2.02%
2026-05-10 13:39:59 (2664730) [INFO]	Progress 2.14%
2026-05-10 13:40:00 (2664730) [INFO]	Progress 2.26%
2026-05-10 13:40:01 (2664730) [INFO]	Progress 2.38%
2026-05-10 13:40:02 (2664730) [INFO]	Progress 2.49%
2026-05-10 13:40:04 (2664730) [INFO]	Progress 2.61%
2026-05-10 13:40:04 (2664730) [INFO]	Progress 2.73%
2026-05-10 13:40:05 (2664730) [INFO]	Progress 2.85%
2026-05-10 13:40:05 (2664730) [INFO]	Progress 2.97%
2026-05-10 13:40:06 (2664730) [INFO]	Progress 3.09%
2026-05-10 13:40:07 (2664730) [INFO]	Progress 3.21%
2026-05-10 13:40:08 (2664730) [INFO]	Progress 3.33%
2026-05-10 13:40:08 (2664730) [INFO]	Progress 3.44%
2026-05-10 13:40:10 (2664730) [INFO]	Progress 3.56%
2026-05-10 13:40:11 (2664730) [INFO]	Progress 3.68%
2026-05-10 13:40:13 (2664730) [INFO]	Progress 3.8%
2026-05-10 13:40:14 (2664730) [INFO]	Progress 3.92%
2026-05-10 13:40:15 (2664730) [INFO]	Progress 4.04%
2026-05-10 13:40:15 (2664730) [INFO]	Progress 4.16%
2026-05-10 13:40:15 (2664730) [INFO]	Progress 4.28%
2026-05-10 13:40:16 (2664730) [INFO]	Progress 4.39%
2026-05-10 13:40:17 (2664730) [INFO]	Progress 4.51%
2026-05-10 13:40:18 (2664730) [INFO]	Progress 4.63%
2026-05-10 13:40:19 (2664730) [INFO]	Progress 4.75%
2026-05-10 13:40:23 (2664730) [INFO]	Progress 4.87%
2026-05-10 13:40:24 (2664730) [INFO]	Progress 4.99%
2026-05-10 13:40:24 (2664730) [INFO]	Progress 5.11%
2026-05-10 13:40:25 (2664730) [INFO]	Progress 5.23%
2026-05-10 13:40:26 (2664730) [INFO]	Progress 5.34%
2026-05-10 13:40:26 (2664730) [INFO]	Progress 5.46%
2026-05-10 13:40:27 (2664730) [INFO]	Progress 5.58%
2026-05-10 13:40:28 (2664730) [INFO]	Progress 5.7%
2026-05-10 13:40:30 (2664730) [INFO]	Progress 5.82%
2026-05-10 13:40:32 (2664730) [INFO]	Progress 5.94%
2026-05-10 13:40:33 (2664730) [INFO]	Progress 6.06%
2026-05-10 13:40:34 (2664730) [INFO]	Progress 6.18%
2026-05-10 13:40:37 (2664730) [INFO]	Progress 6.29%
2026-05-10 13:40:39 (2664730) [INFO]	Progress 6.41%
2026-05-10 13:40:41 (2664730) [INFO]	Progress 6.53%
2026-05-10 13:40:42 (2664730) [INFO]	Progress 6.65%
2026-05-10 13:40:44 (2664730) [INFO]	Progress 6.77%
2026-05-10 13:40:44 (2664730) [INFO]	Progress 6.89%
2026-05-10 13:40:45 (2664730) [INFO]	Progress 7.01%
2026-05-10 13:40:45 (2664730) [INFO]	Progress 7.13%
2026-05-10 13:40:46 (2664730) [INFO]	Progress 7.24%
2026-05-10 13:40:47 (2664730) [INFO]	Progress 7.36%
2026-05-10 13:40:47 (2664730) [INFO]	Progress 7.48%
2026-05-10 13:40:47 (2664730) [INFO]	Progress 7.6%
2026-05-10 13:40:50 (2664730) [INFO]	Progress 7.72%
2026-05-10 13:40:51 (2664730) [INFO]	Progress 7.84%
2026-05-10 13:40:51 (2664730) [INFO]	Progress 7.96%
2026-05-10 13:40:52 (2664730) [INFO]	Progress 8.08%
2026-05-10 13:40:54 (2664730) [INFO]	Progress 8.19%
2026-05-10 13:40:54 (2664730) [INFO]	Progress 8.31%
2026-05-10 13:40:55 (2664730) [INFO]	Progress 8.43%
2026-05-10 13:40:56 (2664730) [INFO]	Progress 8.55%
2026-05-10 13:40:57 (2664730) [INFO]	Progress 8.67%
2026-05-10 13:40:58 (2664730) [INFO]	Progress 8.79%
2026-05-10 13:41:00 (2664730) [INFO]	Progress 8.91%
2026-05-10 13:41:02 (2664730) [INFO]	Progress 9.03%
2026-05-10 13:41:02 (2664730) [INFO]	Progress 9.26%
2026-05-10 13:41:03 (2664730) [INFO]	Progress 9.38%
2026-05-10 13:41:07 (2664730) [INFO]	Progress 9.5%
2026-05-10 13:41:07 (2664730) [INFO]	Progress 9.62%
2026-05-10 13:41:08 (2664730) [INFO]	Progress 9.74%
2026-05-10 13:41:08 (2664730) [INFO]	Progress 9.86%
2026-05-10 13:41:08 (2664730) [INFO]	Progress 9.98%
2026-05-10 13:41:09 (2664730) [INFO]	Progress 10.1%
2026-05-10 13:41:10 (2664730) [INFO]	Progress 10.21%
2026-05-10 13:41:10 (2664730) [INFO]	Progress 10.33%
2026-05-10 13:41:10 (2664730) [INFO]	Progress 10.45%
2026-05-10 13:41:12 (2664730) [INFO]	Progress 10.57%
2026-05-10 13:41:15 (2664730) [INFO]	Progress 10.69%
2026-05-10 13:41:15 (2664730) [INFO]	Progress 10.81%
2026-05-10 13:41:16 (2664730) [INFO]	Progress 10.93%
2026-05-10 13:41:18 (2664730) [INFO]	Progress 11.05%
2026-05-10 13:41:20 (2664730) [INFO]	Progress 11.16%
2026-05-10 13:41:22 (2664730) [INFO]	Progress 11.28%
2026-05-10 13:41:23 (2664730) [INFO]	Progress 11.4%
2026-05-10 13:41:25 (2664730) [INFO]	Progress 11.52%
2026-05-10 13:41:26 (2664730) [INFO]	Progress 11.64%
2026-05-10 13:41:27 (2664730) [INFO]	Progress 11.76%
2026-05-10 13:41:28 (2664730) [INFO]	Progress 11.88%
2026-05-10 13:41:30 (2664730) [INFO]	Progress 12.0%
2026-05-10 13:41:32 (2664730) [INFO]	Progress 12.23%
2026-05-10 13:41:32 (2664730) [INFO]	Progress 12.35%
2026-05-10 13:41:33 (2664730) [INFO]	Progress 12.47%
2026-05-10 13:41:34 (2664730) [INFO]	Progress 12.59%
2026-05-10 13:41:36 (2664730) [INFO]	Progress 12.71%
2026-05-10 13:41:36 (2664730) [INFO]	Progress 12.83%
2026-05-10 13:41:37 (2664730) [INFO]	Progress 12.95%
2026-05-10 13:41:39 (2664730) [INFO]	Progress 13.06%
2026-05-10 13:41:40 (2664730) [INFO]	Progress 13.18%
2026-05-10 13:41:42 (2664730) [INFO]	Progress 13.3%
2026-05-10 13:41:43 (2664730) [INFO]	Progress 13.42%
2026-05-10 13:41:45 (2664730) [INFO]	Progress 13.54%
2026-05-10 13:41:46 (2664730) [INFO]	Progress 13.66%
2026-05-10 13:41:48 (2664730) [INFO]	Progress 13.78%
2026-05-10 13:41:48 (2664730) [INFO]	Progress 13.9%
2026-05-10 13:41:49 (2664730) [INFO]	Progress 14.01%
2026-05-10 13:41:49 (2664730) [INFO]	Progress 14.13%
2026-05-10 13:41:50 (2664730) [INFO]	Progress 14.37%
2026-05-10 13:41:50 (2664730) [INFO]	Progress 14.49%
2026-05-10 13:41:50 (2664730) [INFO]	Progress 14.61%
2026-05-10 13:41:51 (2664730) [INFO]	Progress 14.73%
2026-05-10 13:41:52 (2664730) [INFO]	Progress 14.85%
2026-05-10 13:41:59 (2664730) [INFO]	Progress 14.96%
2026-05-10 13:41:59 (2664730) [INFO]	Progress 15.08%
2026-05-10 13:42:00 (2664730) [INFO]	Progress 15.2%
2026-05-10 13:42:00 (2664730) [INFO]	Progress 15.32%
2026-05-10 13:42:01 (2664730) [INFO]	Progress 15.44%
2026-05-10 13:42:02 (2664730) [INFO]	Progress 15.56%
2026-05-10 13:42:03 (2664730) [INFO]	Progress 15.68%
2026-05-10 13:42:03 (2664730) [INFO]	Progress 15.8%
2026-05-10 13:42:05 (2664730) [INFO]	Progress 15.91%
2026-05-10 13:42:06 (2664730) [INFO]	Progress 16.03%
2026-05-10 13:42:07 (2664730) [INFO]	Progress 16.15%
2026-05-10 13:42:08 (2664730) [INFO]	Progress 16.27%
2026-05-10 13:42:08 (2664730) [INFO]	Progress 16.39%
2026-05-10 13:42:10 (2664730) [INFO]	Progress 16.51%
2026-05-10 13:42:14 (2664730) [INFO]	Progress 16.63%
2026-05-10 13:42:14 (2664730) [INFO]	Progress 16.75%
2026-05-10 13:42:15 (2664730) [INFO]	Progress 16.86%
2026-05-10 13:42:16 (2664730) [INFO]	Progress 16.98%
2026-05-10 13:42:17 (2664730) [INFO]	Progress 17.1%
2026-05-10 13:42:18 (2664730) [INFO]	Progress 17.22%
2026-05-10 13:42:18 (2664730) [INFO]	Progress 17.34%
2026-05-10 13:42:22 (2664730) [INFO]	Progress 17.46%
2026-05-10 13:42:22 (2664730) [INFO]	Progress 17.58%
2026-05-10 13:42:23 (2664730) [INFO]	Progress 17.7%
2026-05-10 13:42:24 (2664730) [INFO]	Progress 17.93%
2026-05-10 13:42:24 (2664730) [INFO]	Progress 18.05%
2026-05-10 13:42:26 (2664730) [INFO]	Progress 18.17%
2026-05-10 13:42:27 (2664730) [INFO]	Progress 18.29%
2026-05-10 13:42:27 (2664730) [INFO]	Progress 18.41%
2026-05-10 13:42:27 (2664730) [INFO]	Progress 18.53%
2026-05-10 13:42:29 (2664730) [INFO]	Progress 18.65%
2026-05-10 13:42:32 (2664730) [INFO]	Progress 18.76%
2026-05-10 13:42:33 (2664730) [INFO]	Progress 18.88%
2026-05-10 13:42:34 (2664730) [INFO]	Progress 19.0%
2026-05-10 13:42:34 (2664730) [INFO]	Progress 19.12%
2026-05-10 13:42:37 (2664730) [INFO]	Progress 19.24%
2026-05-10 13:42:39 (2664730) [INFO]	Progress 19.36%
2026-05-10 13:42:39 (2664730) [INFO]	Progress 19.48%
2026-05-10 13:42:40 (2664730) [INFO]	Progress 19.6%
2026-05-10 13:42:42 (2664730) [INFO]	Progress 19.71%
2026-05-10 13:42:42 (2664730) [INFO]	Progress 19.83%
2026-05-10 13:42:43 (2664730) [INFO]	Progress 19.95%
2026-05-10 13:42:44 (2664730) [INFO]	Progress 20.07%
2026-05-10 13:42:44 (2664730) [INFO]	Progress 20.19%
2026-05-10 13:42:47 (2664730) [INFO]	Progress 20.31%
2026-05-10 13:42:51 (2664730) [INFO]	Progress 20.43%
2026-05-10 13:42:53 (2664730) [INFO]	Progress 20.55%
2026-05-10 13:42:55 (2664730) [INFO]	Progress 20.67%
2026-05-10 13:42:55 (2664730) [INFO]	Progress 20.78%
2026-05-10 13:42:56 (2664730) [INFO]	Progress 20.9%
2026-05-10 13:42:57 (2664730) [INFO]	Progress 21.02%
2026-05-10 13:42:57 (2664730) [INFO]	Progress 21.14%
2026-05-10 13:42:58 (2664730) [INFO]	Progress 21.26%
2026-05-10 13:42:59 (2664730) [INFO]	Progress 21.38%
2026-05-10 13:43:00 (2664730) [INFO]	Progress 21.5%
2026-05-10 13:43:00 (2664730) [INFO]	Progress 21.62%
2026-05-10 13:43:02 (2664730) [INFO]	Progress 21.73%
2026-05-10 13:43:03 (2664730) [INFO]	Progress 21.85%
2026-05-10 13:43:04 (2664730) [INFO]	Progress 21.97%
2026-05-10 13:43:04 (2664730) [INFO]	Progress 22.09%
2026-05-10 13:43:06 (2664730) [INFO]	Progress 22.21%
2026-05-10 13:43:06 (2664730) [INFO]	Progress 22.45%
2026-05-10 13:43:09 (2664730) [INFO]	Progress 22.57%
2026-05-10 13:43:11 (2664730) [INFO]	Progress 22.68%
2026-05-10 13:43:12 (2664730) [INFO]	Progress 22.8%
2026-05-10 13:43:12 (2664730) [INFO]	Progress 22.92%
2026-05-10 13:43:13 (2664730) [INFO]	Progress 23.04%
2026-05-10 13:43:13 (2664730) [INFO]	Progress 23.16%
2026-05-10 13:43:13 (2664730) [INFO]	Progress 23.28%
2026-05-10 13:43:14 (2664730) [INFO]	Progress 23.4%
2026-05-10 13:43:17 (2664730) [INFO]	Progress 23.52%
2026-05-10 13:43:17 (2664730) [INFO]	Progress 23.63%
2026-05-10 13:43:18 (2664730) [INFO]	Progress 23.75%
2026-05-10 13:43:19 (2664730) [INFO]	Progress 23.99%
2026-05-10 13:43:19 (2664730) [INFO]	Progress 24.11%
2026-05-10 13:43:19 (2664730) [INFO]	Progress 24.23%
2026-05-10 13:43:20 (2664730) [INFO]	Progress 24.35%
2026-05-10 13:43:20 (2664730) [INFO]	Progress 24.47%
2026-05-10 13:43:21 (2664730) [INFO]	Progress 24.58%
2026-05-10 13:43:23 (2664730) [INFO]	Progress 24.7%
2026-05-10 13:43:23 (2664730) [INFO]	Progress 24.82%
2026-05-10 13:43:25 (2664730) [INFO]	Progress 24.94%
2026-05-10 13:43:27 (2664730) [INFO]	Progress 25.06%
2026-05-10 13:43:27 (2664730) [INFO]	Progress 25.18%
2026-05-10 13:43:27 (2664730) [INFO]	Progress 25.3%
2026-05-10 13:43:28 (2664730) [INFO]	Progress 25.42%
2026-05-10 13:43:28 (2664730) [INFO]	Progress 25.53%
2026-05-10 13:43:29 (2664730) [INFO]	Progress 25.65%
2026-05-10 13:43:31 (2664730) [INFO]	Progress 25.77%
2026-05-10 13:43:31 (2664730) [INFO]	Progress 26.01%
2026-05-10 13:43:32 (2664730) [INFO]	Progress 26.13%
2026-05-10 13:43:34 (2664730) [INFO]	Progress 26.25%
2026-05-10 13:43:35 (2664730) [INFO]	Progress 26.37%
2026-05-10 13:43:35 (2664730) [INFO]	Progress 26.48%
2026-05-10 13:43:35 (2664730) [INFO]	Progress 26.6%
2026-05-10 13:43:36 (2664730) [INFO]	Progress 26.72%
2026-05-10 13:43:36 (2664730) [INFO]	Progress 26.84%
2026-05-10 13:43:36 (2664730) [INFO]	Progress 26.96%
2026-05-10 13:43:36 (2664730) [INFO]	Progress 27.08%
2026-05-10 13:43:37 (2664730) [INFO]	Progress 27.2%
2026-05-10 13:43:37 (2664730) [INFO]	Progress 27.32%
2026-05-10 13:43:38 (2664730) [INFO]	Progress 27.43%
2026-05-10 13:43:38 (2664730) [INFO]	Progress 27.55%
2026-05-10 13:43:39 (2664730) [INFO]	Progress 27.67%
2026-05-10 13:43:40 (2664730) [INFO]	Progress 27.79%
2026-05-10 13:43:41 (2664730) [INFO]	Progress 27.91%
2026-05-10 13:43:41 (2664730) [INFO]	Progress 28.03%
2026-05-10 13:43:42 (2664730) [INFO]	Progress 28.15%
2026-05-10 13:43:43 (2664730) [INFO]	Progress 28.27%
2026-05-10 13:43:44 (2664730) [INFO]	Progress 28.38%
2026-05-10 13:43:44 (2664730) [INFO]	Progress 28.5%
2026-05-10 13:43:44 (2664730) [INFO]	Progress 28.62%
2026-05-10 13:43:45 (2664730) [INFO]	Progress 28.74%
2026-05-10 13:43:46 (2664730) [INFO]	Progress 28.86%
2026-05-10 13:43:47 (2664730) [INFO]	Progress 28.98%
2026-05-10 13:43:48 (2664730) [INFO]	Progress 29.1%
2026-05-10 13:43:49 (2664730) [INFO]	Progress 29.22%
2026-05-10 13:43:49 (2664730) [INFO]	Progress 29.33%
2026-05-10 13:43:50 (2664730) [INFO]	Progress 29.45%
2026-05-10 13:43:51 (2664730) [INFO]	Progress 29.57%
2026-05-10 13:43:52 (2664730) [INFO]	Progress 29.69%
2026-05-10 13:43:53 (2664730) [INFO]	Progress 29.81%
2026-05-10 13:43:53 (2664730) [INFO]	Progress 29.93%
2026-05-10 13:43:54 (2664730) [INFO]	Progress 30.05%
2026-05-10 13:43:54 (2664730) [INFO]	Progress 30.17%
2026-05-10 13:43:54 (2664730) [INFO]	Progress 30.29%
2026-05-10 13:43:55 (2664730) [INFO]	Progress 30.4%
2026-05-10 13:43:55 (2664730) [INFO]	Progress 30.52%
2026-05-10 13:43:56 (2664730) [INFO]	Progress 30.64%
2026-05-10 13:43:56 (2664730) [INFO]	Progress 30.76%
2026-05-10 13:43:57 (2664730) [INFO]	Progress 30.88%
2026-05-10 13:43:57 (2664730) [INFO]	Progress 31.0%
2026-05-10 13:43:57 (2664730) [INFO]	Progress 31.12%
2026-05-10 13:44:03 (2664730) [INFO]	Progress 31.24%
2026-05-10 13:44:03 (2664730) [INFO]	Progress 31.35%
2026-05-10 13:44:03 (2664730) [INFO]	Progress 31.47%
2026-05-10 13:44:04 (2664730) [INFO]	Progress 31.59%
2026-05-10 13:44:05 (2664730) [INFO]	Progress 31.71%
2026-05-10 13:44:07 (2664730) [INFO]	Progress 31.83%
2026-05-10 13:44:07 (2664730) [INFO]	Progress 31.95%
2026-05-10 13:44:08 (2664730) [INFO]	Progress 32.07%
2026-05-10 13:44:08 (2664730) [INFO]	Progress 32.19%
2026-05-10 13:44:09 (2664730) [INFO]	Progress 32.3%
2026-05-10 13:44:10 (2664730) [INFO]	Progress 32.42%
2026-05-10 13:44:11 (2664730) [INFO]	Progress 32.54%
2026-05-10 13:44:11 (2664730) [INFO]	Progress 32.66%
2026-05-10 13:44:14 (2664730) [INFO]	Progress 32.78%
2026-05-10 13:44:16 (2664730) [INFO]	Progress 32.9%
2026-05-10 13:44:16 (2664730) [INFO]	Progress 33.02%
2026-05-10 13:44:17 (2664730) [INFO]	Progress 33.14%
2026-05-10 13:44:17 (2664730) [INFO]	Progress 33.25%
2026-05-10 13:44:18 (2664730) [INFO]	Progress 33.37%
2026-05-10 13:44:19 (2664730) [INFO]	Progress 33.49%
2026-05-10 13:44:20 (2664730) [INFO]	Progress 33.61%
2026-05-10 13:44:22 (2664730) [INFO]	Progress 33.85%
2026-05-10 13:44:23 (2664730) [INFO]	Progress 33.97%
2026-05-10 13:44:23 (2664730) [INFO]	Progress 34.09%
2026-05-10 13:44:24 (2664730) [INFO]	Progress 34.2%
2026-05-10 13:44:24 (2664730) [INFO]	Progress 34.32%
2026-05-10 13:44:25 (2664730) [INFO]	Progress 34.44%
2026-05-10 13:44:26 (2664730) [INFO]	Progress 34.56%
2026-05-10 13:44:27 (2664730) [INFO]	Progress 34.68%
2026-05-10 13:44:27 (2664730) [INFO]	Progress 34.8%
2026-05-10 13:44:28 (2664730) [INFO]	Progress 34.92%
2026-05-10 13:44:29 (2664730) [INFO]	Progress 35.04%
2026-05-10 13:44:30 (2664730) [INFO]	Progress 35.27%
2026-05-10 13:44:31 (2664730) [INFO]	Progress 35.39%
2026-05-10 13:44:31 (2664730) [INFO]	Progress 35.51%
2026-05-10 13:44:32 (2664730) [INFO]	Progress 35.75%
2026-05-10 13:44:32 (2664730) [INFO]	Progress 35.87%
2026-05-10 13:44:32 (2664730) [INFO]	Progress 35.99%
2026-05-10 13:44:33 (2664730) [INFO]	Progress 36.1%
2026-05-10 13:44:35 (2664730) [INFO]	Progress 36.22%
2026-05-10 13:44:37 (2664730) [INFO]	Progress 36.34%
2026-05-10 13:44:38 (2664730) [INFO]	Progress 36.46%
2026-05-10 13:44:38 (2664730) [INFO]	Progress 36.7%
2026-05-10 13:44:39 (2664730) [INFO]	Progress 36.82%
2026-05-10 13:44:39 (2664730) [INFO]	Progress 37.05%
2026-05-10 13:44:40 (2664730) [INFO]	Progress 37.17%
2026-05-10 13:44:40 (2664730) [INFO]	Progress 37.29%
2026-05-10 13:44:41 (2664730) [INFO]	Progress 37.41%
2026-05-10 13:44:41 (2664730) [INFO]	Progress 37.53%
2026-05-10 13:44:41 (2664730) [INFO]	Progress 37.65%
2026-05-10 13:44:43 (2664730) [INFO]	Progress 37.89%
2026-05-10 13:44:44 (2664730) [INFO]	Progress 38.0%
2026-05-10 13:44:45 (2664730) [INFO]	Progress 38.12%
2026-05-10 13:44:45 (2664730) [INFO]	Progress 38.24%
2026-05-10 13:44:47 (2664730) [INFO]	Progress 38.36%
2026-05-10 13:44:48 (2664730) [INFO]	Progress 38.48%
2026-05-10 13:44:50 (2664730) [INFO]	Progress 38.6%
2026-05-10 13:44:54 (2664730) [INFO]	Progress 38.72%
2026-05-10 13:44:55 (2664730) [INFO]	Progress 38.84%
2026-05-10 13:44:56 (2664730) [INFO]	Progress 38.95%
2026-05-10 13:44:57 (2664730) [INFO]	Progress 39.07%
2026-05-10 13:44:58 (2664730) [INFO]	Progress 39.19%
2026-05-10 13:45:00 (2664730) [INFO]	Progress 39.31%
2026-05-10 13:45:00 (2664730) [INFO]	Progress 39.43%
2026-05-10 13:45:01 (2664730) [INFO]	Progress 39.55%
2026-05-10 13:45:01 (2664730) [INFO]	Progress 39.67%
2026-05-10 13:45:02 (2664730) [INFO]	Progress 39.9%
2026-05-10 13:45:02 (2664730) [INFO]	Progress 40.02%
2026-05-10 13:45:02 (2664730) [INFO]	Progress 40.14%
2026-05-10 13:45:05 (2664730) [INFO]	Progress 40.26%
2026-05-10 13:45:05 (2664730) [INFO]	Progress 40.38%
2026-05-10 13:45:06 (2664730) [INFO]	Progress 40.62%
2026-05-10 13:45:06 (2664730) [INFO]	Progress 40.74%
2026-05-10 13:45:06 (2664730) [INFO]	Progress 40.86%
2026-05-10 13:45:11 (2664730) [INFO]	Progress 40.97%
2026-05-10 13:45:12 (2664730) [INFO]	Progress 41.21%
2026-05-10 13:45:14 (2664730) [INFO]	Progress 41.33%
2026-05-10 13:45:15 (2664730) [INFO]	Progress 41.45%
2026-05-10 13:45:18 (2664730) [INFO]	Progress 41.57%
2026-05-10 13:45:18 (2664730) [INFO]	Progress 41.69%
2026-05-10 13:45:19 (2664730) [INFO]	Progress 41.81%
2026-05-10 13:45:19 (2664730) [INFO]	Progress 41.92%
2026-05-10 13:45:19 (2664730) [INFO]	Progress 42.04%
2026-05-10 13:45:19 (2664730) [INFO]	Progress 42.16%
2026-05-10 13:45:22 (2664730) [INFO]	Progress 42.28%
2026-05-10 13:45:23 (2664730) [INFO]	Progress 42.4%
2026-05-10 13:45:23 (2664730) [INFO]	Progress 42.52%
2026-05-10 13:45:23 (2664730) [INFO]	Progress 42.64%
2026-05-10 13:45:25 (2664730) [INFO]	Progress 42.76%
2026-05-10 13:45:26 (2664730) [INFO]	Progress 42.87%
2026-05-10 13:45:30 (2664730) [INFO]	Progress 42.99%
2026-05-10 13:45:32 (2664730) [INFO]	Progress 43.11%
2026-05-10 13:45:32 (2664730) [INFO]	Progress 43.23%
2026-05-10 13:45:34 (2664730) [INFO]	Progress 43.47%
2026-05-10 13:45:35 (2664730) [INFO]	Progress 43.71%
2026-05-10 13:45:35 (2664730) [INFO]	Progress 43.82%
2026-05-10 13:45:36 (2664730) [INFO]	Progress 44.06%
2026-05-10 13:45:36 (2664730) [INFO]	Progress 44.18%
2026-05-10 13:45:42 (2664730) [INFO]	Progress 44.3%
2026-05-10 13:45:43 (2664730) [INFO]	Progress 44.42%
2026-05-10 13:45:43 (2664730) [INFO]	Progress 44.54%
2026-05-10 13:45:43 (2664730) [INFO]	Progress 44.66%
2026-05-10 13:45:44 (2664730) [INFO]	Progress 44.77%
2026-05-10 13:45:44 (2664730) [INFO]	Progress 44.89%
2026-05-10 13:45:45 (2664730) [INFO]	Progress 45.01%
2026-05-10 13:45:48 (2664730) [INFO]	Progress 45.13%
2026-05-10 13:45:49 (2664730) [INFO]	Progress 45.25%
2026-05-10 13:45:49 (2664730) [INFO]	Progress 45.49%
2026-05-10 13:45:50 (2664730) [INFO]	Progress 45.61%
2026-05-10 13:45:51 (2664730) [INFO]	Progress 45.72%
2026-05-10 13:45:51 (2664730) [INFO]	Progress 45.84%
2026-05-10 13:45:51 (2664730) [INFO]	Progress 45.96%
2026-05-10 13:45:52 (2664730) [INFO]	Progress 46.08%
2026-05-10 13:45:52 (2664730) [INFO]	Progress 46.2%
2026-05-10 13:45:52 (2664730) [INFO]	Progress 46.32%
2026-05-10 13:45:54 (2664730) [INFO]	Progress 46.44%
2026-05-10 13:45:55 (2664730) [INFO]	Progress 46.56%
2026-05-10 13:45:55 (2664730) [INFO]	Progress 46.67%
2026-05-10 13:45:56 (2664730) [INFO]	Progress 46.79%
2026-05-10 13:45:56 (2664730) [INFO]	Progress 46.91%
2026-05-10 13:45:59 (2664730) [INFO]	Progress 47.03%
2026-05-10 13:46:00 (2664730) [INFO]	Progress 47.15%
2026-05-10 13:46:02 (2664730) [INFO]	Progress 47.27%
2026-05-10 13:46:02 (2664730) [INFO]	Progress 47.39%
2026-05-10 13:46:03 (2664730) [INFO]	Progress 47.51%
2026-05-10 13:46:04 (2664730) [INFO]	Progress 47.62%
2026-05-10 13:46:05 (2664730) [INFO]	Progress 47.74%
2026-05-10 13:46:05 (2664730) [INFO]	Progress 47.86%
2026-05-10 13:46:05 (2664730) [INFO]	Progress 47.98%
2026-05-10 13:46:06 (2664730) [INFO]	Progress 48.1%
2026-05-10 13:46:07 (2664730) [INFO]	Progress 48.22%
2026-05-10 13:46:08 (2664730) [INFO]	Progress 48.34%
2026-05-10 13:46:09 (2664730) [INFO]	Progress 48.46%
2026-05-10 13:46:10 (2664730) [INFO]	Progress 48.57%
2026-05-10 13:46:11 (2664730) [INFO]	Progress 48.81%
2026-05-10 13:46:11 (2664730) [INFO]	Progress 48.93%
2026-05-10 13:46:12 (2664730) [INFO]	Progress 49.05%
2026-05-10 13:46:12 (2664730) [INFO]	Progress 49.17%
2026-05-10 13:46:12 (2664730) [INFO]	Progress 49.29%
2026-05-10 13:46:13 (2664730) [INFO]	Progress 49.41%
2026-05-10 13:46:14 (2664730) [INFO]	Progress 49.52%
2026-05-10 13:46:15 (2664730) [INFO]	Progress 49.76%
2026-05-10 13:46:15 (2664730) [INFO]	Progress 49.88%
2026-05-10 13:46:15 (2664730) [INFO]	Progress 50.0%
2026-05-10 13:46:16 (2664730) [INFO]	Progress 50.12%
2026-05-10 13:46:16 (2664730) [INFO]	Progress 50.24%
2026-05-10 13:46:17 (2664730) [INFO]	Progress 50.36%
2026-05-10 13:46:19 (2664730) [INFO]	Progress 50.48%
2026-05-10 13:46:20 (2664730) [INFO]	Progress 50.59%
2026-05-10 13:46:20 (2664730) [INFO]	Progress 50.71%
2026-05-10 13:46:20 (2664730) [INFO]	Progress 50.83%
2026-05-10 13:46:21 (2664730) [INFO]	Progress 50.95%
2026-05-10 13:46:22 (2664730) [INFO]	Progress 51.07%
2026-05-10 13:46:22 (2664730) [INFO]	Progress 51.19%
2026-05-10 13:46:22 (2664730) [INFO]	Progress 51.31%
2026-05-10 13:46:24 (2664730) [INFO]	Progress 51.54%
2026-05-10 13:46:25 (2664730) [INFO]	Progress 51.66%
2026-05-10 13:46:26 (2664730) [INFO]	Progress 51.78%
2026-05-10 13:46:27 (2664730) [INFO]	Progress 51.9%
2026-05-10 13:46:27 (2664730) [INFO]	Progress 52.02%
2026-05-10 13:46:28 (2664730) [INFO]	Progress 52.14%
2026-05-10 13:46:28 (2664730) [INFO]	Progress 52.26%
2026-05-10 13:46:30 (2664730) [INFO]	Progress 52.38%
2026-05-10 13:46:30 (2664730) [INFO]	Progress 52.49%
2026-05-10 13:46:31 (2664730) [INFO]	Progress 52.61%
2026-05-10 13:46:31 (2664730) [INFO]	Progress 52.73%
2026-05-10 13:46:31 (2664730) [INFO]	Progress 52.85%
2026-05-10 13:46:31 (2664730) [INFO]	Progress 52.97%
2026-05-10 13:46:32 (2664730) [INFO]	Progress 53.09%
2026-05-10 13:46:34 (2664730) [INFO]	Progress 53.21%
2026-05-10 13:46:36 (2664730) [INFO]	Progress 53.33%
2026-05-10 13:46:40 (2664730) [INFO]	Progress 53.44%
2026-05-10 13:46:40 (2664730) [INFO]	Progress 53.56%
2026-05-10 13:46:41 (2664730) [INFO]	Progress 53.68%
2026-05-10 13:46:41 (2664730) [INFO]	Progress 53.8%
2026-05-10 13:46:42 (2664730) [INFO]	Progress 53.92%
2026-05-10 13:46:44 (2664730) [INFO]	Progress 54.04%
2026-05-10 13:46:45 (2664730) [INFO]	Progress 54.16%
2026-05-10 13:46:46 (2664730) [INFO]	Progress 54.28%
2026-05-10 13:46:47 (2664730) [INFO]	Progress 54.39%
2026-05-10 13:46:48 (2664730) [INFO]	Progress 54.51%
2026-05-10 13:46:48 (2664730) [INFO]	Progress 54.63%
2026-05-10 13:46:48 (2664730) [INFO]	Progress 54.75%
2026-05-10 13:46:49 (2664730) [INFO]	Progress 54.99%
2026-05-10 13:46:49 (2664730) [INFO]	Progress 55.11%
2026-05-10 13:46:49 (2664730) [INFO]	Progress 55.23%
2026-05-10 13:46:49 (2664730) [INFO]	Progress 55.34%
2026-05-10 13:46:51 (2664730) [INFO]	Progress 55.46%
2026-05-10 13:46:51 (2664730) [INFO]	Progress 55.58%
2026-05-10 13:46:51 (2664730) [INFO]	Progress 55.7%
2026-05-10 13:46:51 (2664730) [INFO]	Progress 55.82%
2026-05-10 13:46:51 (2664730) [INFO]	Progress 55.94%
2026-05-10 13:46:54 (2664730) [INFO]	Progress 56.06%
2026-05-10 13:46:55 (2664730) [INFO]	Progress 56.18%
2026-05-10 13:46:55 (2664730) [INFO]	Progress 56.29%
2026-05-10 13:46:55 (2664730) [INFO]	Progress 56.41%
2026-05-10 13:46:55 (2664730) [INFO]	Progress 56.53%
2026-05-10 13:46:56 (2664730) [INFO]	Progress 56.65%
2026-05-10 13:46:56 (2664730) [INFO]	Progress 56.77%
2026-05-10 13:46:56 (2664730) [INFO]	Progress 57.13%
2026-05-10 13:46:56 (2664730) [INFO]	Progress 57.24%
2026-05-10 13:46:57 (2664730) [INFO]	Progress 57.36%
2026-05-10 13:46:57 (2664730) [INFO]	Progress 57.48%
2026-05-10 13:46:57 (2664730) [INFO]	Progress 57.6%
2026-05-10 13:46:58 (2664730) [INFO]	Progress 57.72%
2026-05-10 13:46:58 (2664730) [INFO]	Progress 57.84%
2026-05-10 13:47:00 (2664730) [INFO]	Progress 57.96%
2026-05-10 13:47:01 (2664730) [INFO]	Progress 58.08%
2026-05-10 13:47:02 (2664730) [INFO]	Progress 58.19%
2026-05-10 13:47:02 (2664730) [INFO]	Progress 58.31%
2026-05-10 13:47:02 (2664730) [INFO]	Progress 58.43%
2026-05-10 13:47:03 (2664730) [INFO]	Progress 58.55%
2026-05-10 13:47:04 (2664730) [INFO]	Progress 58.67%
2026-05-10 13:47:04 (2664730) [INFO]	Progress 58.79%
2026-05-10 13:47:05 (2664730) [INFO]	Progress 58.91%
2026-05-10 13:47:05 (2664730) [INFO]	Progress 59.03%
2026-05-10 13:47:06 (2664730) [INFO]	Progress 59.14%
2026-05-10 13:47:07 (2664730) [INFO]	Progress 59.26%
2026-05-10 13:47:07 (2664730) [INFO]	Progress 59.38%
2026-05-10 13:47:07 (2664730) [INFO]	Progress 59.62%
2026-05-10 13:47:08 (2664730) [INFO]	Progress 59.86%
2026-05-10 13:47:08 (2664730) [INFO]	Progress 59.98%
2026-05-10 13:47:10 (2664730) [INFO]	Progress 60.1%
2026-05-10 13:47:12 (2664730) [INFO]	Progress 60.21%
2026-05-10 13:47:12 (2664730) [INFO]	Progress 60.33%
2026-05-10 13:47:12 (2664730) [INFO]	Progress 60.45%
2026-05-10 13:47:13 (2664730) [INFO]	Progress 60.57%
2026-05-10 13:47:14 (2664730) [INFO]	Progress 60.69%
2026-05-10 13:47:15 (2664730) [INFO]	Progress 60.81%
2026-05-10 13:47:17 (2664730) [INFO]	Progress 60.93%
2026-05-10 13:47:18 (2664730) [INFO]	Progress 61.05%
2026-05-10 13:47:20 (2664730) [INFO]	Progress 61.16%
2026-05-10 13:47:21 (2664730) [INFO]	Progress 61.28%
2026-05-10 13:47:22 (2664730) [INFO]	Progress 61.4%
2026-05-10 13:47:23 (2664730) [INFO]	Progress 61.52%
2026-05-10 13:47:24 (2664730) [INFO]	Progress 61.64%
2026-05-10 13:47:29 (2664730) [INFO]	Progress 61.76%
2026-05-10 13:47:31 (2664730) [INFO]	Progress 61.88%
2026-05-10 13:47:31 (2664730) [INFO]	Progress 62.0%
2026-05-10 13:47:32 (2664730) [INFO]	Progress 62.11%
2026-05-10 13:47:32 (2664730) [INFO]	Progress 62.23%
2026-05-10 13:47:33 (2664730) [INFO]	Progress 62.35%
2026-05-10 13:47:33 (2664730) [INFO]	Progress 62.47%
2026-05-10 13:47:34 (2664730) [INFO]	Progress 62.59%
2026-05-10 13:47:35 (2664730) [INFO]	Progress 62.71%
2026-05-10 13:47:35 (2664730) [INFO]	Progress 62.83%
2026-05-10 13:47:35 (2664730) [INFO]	Progress 62.95%
2026-05-10 13:47:37 (2664730) [INFO]	Progress 63.06%
2026-05-10 13:47:38 (2664730) [INFO]	Progress 63.18%
2026-05-10 13:47:38 (2664730) [INFO]	Progress 63.3%
2026-05-10 13:47:39 (2664730) [INFO]	Progress 63.54%
2026-05-10 13:47:40 (2664730) [INFO]	Progress 63.66%
2026-05-10 13:47:41 (2664730) [INFO]	Progress 63.78%
2026-05-10 13:47:43 (2664730) [INFO]	Progress 63.9%
2026-05-10 13:47:43 (2664730) [INFO]	Progress 64.01%
2026-05-10 13:47:43 (2664730) [INFO]	Progress 64.13%
2026-05-10 13:47:45 (2664730) [INFO]	Progress 64.25%
2026-05-10 13:47:46 (2664730) [INFO]	Progress 64.37%
2026-05-10 13:47:47 (2664730) [INFO]	Progress 64.49%
2026-05-10 13:47:48 (2664730) [INFO]	Progress 64.61%
2026-05-10 13:47:48 (2664730) [INFO]	Progress 64.73%
2026-05-10 13:47:48 (2664730) [INFO]	Progress 64.85%
2026-05-10 13:47:48 (2664730) [INFO]	Progress 64.96%
2026-05-10 13:47:49 (2664730) [INFO]	Progress 65.08%
2026-05-10 13:47:51 (2664730) [INFO]	Progress 65.2%
2026-05-10 13:47:51 (2664730) [INFO]	Progress 65.32%
2026-05-10 13:47:53 (2664730) [INFO]	Progress 65.44%
2026-05-10 13:47:53 (2664730) [INFO]	Progress 65.56%
2026-05-10 13:47:54 (2664730) [INFO]	Progress 65.68%
2026-05-10 13:47:54 (2664730) [INFO]	Progress 65.8%
2026-05-10 13:47:57 (2664730) [INFO]	Progress 65.91%
2026-05-10 13:47:58 (2664730) [INFO]	Progress 66.03%
2026-05-10 13:47:58 (2664730) [INFO]	Progress 66.15%
2026-05-10 13:47:59 (2664730) [INFO]	Progress 66.27%
2026-05-10 13:47:59 (2664730) [INFO]	Progress 66.39%
2026-05-10 13:48:00 (2664730) [INFO]	Progress 66.63%
2026-05-10 13:48:04 (2664730) [INFO]	Progress 66.75%
2026-05-10 13:48:04 (2664730) [INFO]	Progress 66.86%
2026-05-10 13:48:06 (2664730) [INFO]	Progress 66.98%
2026-05-10 13:48:07 (2664730) [INFO]	Progress 67.1%
2026-05-10 13:48:07 (2664730) [INFO]	Progress 67.22%
2026-05-10 13:48:08 (2664730) [INFO]	Progress 67.34%
2026-05-10 13:48:08 (2664730) [INFO]	Progress 67.58%
2026-05-10 13:48:08 (2664730) [INFO]	Progress 67.7%
2026-05-10 13:48:10 (2664730) [INFO]	Progress 67.81%
2026-05-10 13:48:11 (2664730) [INFO]	Progress 67.93%
2026-05-10 13:48:13 (2664730) [INFO]	Progress 68.05%
2026-05-10 13:48:14 (2664730) [INFO]	Progress 68.29%
2026-05-10 13:48:15 (2664730) [INFO]	Progress 68.41%
2026-05-10 13:48:15 (2664730) [INFO]	Progress 68.53%
2026-05-10 13:48:17 (2664730) [INFO]	Progress 68.65%
2026-05-10 13:48:18 (2664730) [INFO]	Progress 68.88%
2026-05-10 13:48:18 (2664730) [INFO]	Progress 69.0%
2026-05-10 13:48:18 (2664730) [INFO]	Progress 69.12%
2026-05-10 13:48:19 (2664730) [INFO]	Progress 69.24%
2026-05-10 13:48:19 (2664730) [INFO]	Progress 69.36%
2026-05-10 13:48:20 (2664730) [INFO]	Progress 69.48%
2026-05-10 13:48:21 (2664730) [INFO]	Progress 69.6%
2026-05-10 13:48:21 (2664730) [INFO]	Progress 69.71%
2026-05-10 13:48:22 (2664730) [INFO]	Progress 69.83%
2026-05-10 13:48:24 (2664730) [INFO]	Progress 69.95%
2026-05-10 13:48:24 (2664730) [INFO]	Progress 70.07%
2026-05-10 13:48:25 (2664730) [INFO]	Progress 70.19%
2026-05-10 13:48:25 (2664730) [INFO]	Progress 70.31%
2026-05-10 13:48:25 (2664730) [INFO]	Progress 70.43%
2026-05-10 13:48:26 (2664730) [INFO]	Progress 70.55%
2026-05-10 13:48:27 (2664730) [INFO]	Progress 70.67%
2026-05-10 13:48:27 (2664730) [INFO]	Progress 70.78%
2026-05-10 13:48:27 (2664730) [INFO]	Progress 70.9%
2026-05-10 13:48:27 (2664730) [INFO]	Progress 71.14%
2026-05-10 13:48:28 (2664730) [INFO]	Progress 71.26%
2026-05-10 13:48:29 (2664730) [INFO]	Progress 71.38%
2026-05-10 13:48:30 (2664730) [INFO]	Progress 71.62%
2026-05-10 13:48:31 (2664730) [INFO]	Progress 71.73%
2026-05-10 13:48:31 (2664730) [INFO]	Progress 71.85%
2026-05-10 13:48:32 (2664730) [INFO]	Progress 71.97%
2026-05-10 13:48:33 (2664730) [INFO]	Progress 72.21%
2026-05-10 13:48:33 (2664730) [INFO]	Progress 72.33%
2026-05-10 13:48:34 (2664730) [INFO]	Progress 72.45%
2026-05-10 13:48:35 (2664730) [INFO]	Progress 72.57%
2026-05-10 13:48:38 (2664730) [INFO]	Progress 72.68%
2026-05-10 13:48:42 (2664730) [INFO]	Progress 72.8%
2026-05-10 13:48:43 (2664730) [INFO]	Progress 72.92%
2026-05-10 13:48:48 (2664730) [INFO]	Progress 73.04%
2026-05-10 13:48:49 (2664730) [INFO]	Progress 73.16%
2026-05-10 13:48:49 (2664730) [INFO]	Progress 73.28%
2026-05-10 13:48:51 (2664730) [INFO]	Progress 73.4%
2026-05-10 13:48:52 (2664730) [INFO]	Progress 73.52%
2026-05-10 13:48:52 (2664730) [INFO]	Progress 73.63%
2026-05-10 13:48:53 (2664730) [INFO]	Progress 73.75%
2026-05-10 13:48:54 (2664730) [INFO]	Progress 73.87%
2026-05-10 13:48:55 (2664730) [INFO]	Progress 73.99%
2026-05-10 13:48:57 (2664730) [INFO]	Progress 74.11%
2026-05-10 13:49:00 (2664730) [INFO]	Progress 74.35%
2026-05-10 13:49:02 (2664730) [INFO]	Progress 74.47%
2026-05-10 13:49:02 (2664730) [INFO]	Progress 74.58%
2026-05-10 13:49:03 (2664730) [INFO]	Progress 74.7%
2026-05-10 13:49:04 (2664730) [INFO]	Progress 74.82%
2026-05-10 13:49:04 (2664730) [INFO]	Progress 74.94%
2026-05-10 13:49:05 (2664730) [INFO]	Progress 75.06%
2026-05-10 13:49:06 (2664730) [INFO]	Progress 75.18%
2026-05-10 13:49:06 (2664730) [INFO]	Progress 75.3%
2026-05-10 13:49:06 (2664730) [INFO]	Progress 75.42%
2026-05-10 13:49:06 (2664730) [INFO]	Progress 75.53%
2026-05-10 13:49:08 (2664730) [INFO]	Progress 75.65%
2026-05-10 13:49:09 (2664730) [INFO]	Progress 75.77%
2026-05-10 13:49:10 (2664730) [INFO]	Progress 75.89%
2026-05-10 13:49:11 (2664730) [INFO]	Progress 76.01%
2026-05-10 13:49:12 (2664730) [INFO]	Progress 76.13%
2026-05-10 13:49:12 (2664730) [INFO]	Progress 76.25%
2026-05-10 13:49:14 (2664730) [INFO]	Progress 76.37%
2026-05-10 13:49:14 (2664730) [INFO]	Progress 76.48%
2026-05-10 13:49:15 (2664730) [INFO]	Progress 76.6%
2026-05-10 13:49:15 (2664730) [INFO]	Progress 76.72%
2026-05-10 13:49:15 (2664730) [INFO]	Progress 76.84%
2026-05-10 13:49:16 (2664730) [INFO]	Progress 76.96%
2026-05-10 13:49:17 (2664730) [INFO]	Progress 77.08%
2026-05-10 13:49:17 (2664730) [INFO]	Progress 77.2%
2026-05-10 13:49:18 (2664730) [INFO]	Progress 77.32%
2026-05-10 13:49:18 (2664730) [INFO]	Progress 77.43%
2026-05-10 13:49:19 (2664730) [INFO]	Progress 77.55%
2026-05-10 13:49:19 (2664730) [INFO]	Progress 77.67%
2026-05-10 13:49:21 (2664730) [INFO]	Progress 77.79%
2026-05-10 13:49:22 (2664730) [INFO]	Progress 77.91%
2026-05-10 13:49:22 (2664730) [INFO]	Progress 78.03%
2026-05-10 13:49:26 (2664730) [INFO]	Progress 78.15%
2026-05-10 13:49:26 (2664730) [INFO]	Progress 78.27%
2026-05-10 13:49:28 (2664730) [INFO]	Progress 78.38%
2026-05-10 13:49:29 (2664730) [INFO]	Progress 78.5%
2026-05-10 13:49:30 (2664730) [INFO]	Progress 78.62%
2026-05-10 13:49:30 (2664730) [INFO]	Progress 78.74%
2026-05-10 13:49:30 (2664730) [INFO]	Progress 78.86%
2026-05-10 13:49:31 (2664730) [INFO]	Progress 78.98%
2026-05-10 13:49:32 (2664730) [INFO]	Progress 79.1%
2026-05-10 13:49:34 (2664730) [INFO]	Progress 79.22%
2026-05-10 13:49:37 (2664730) [INFO]	Progress 79.33%
2026-05-10 13:49:37 (2664730) [INFO]	Progress 79.45%
2026-05-10 13:49:38 (2664730) [INFO]	Progress 79.57%
2026-05-10 13:49:39 (2664730) [INFO]	Progress 79.69%
2026-05-10 13:49:39 (2664730) [INFO]	Progress 79.81%
2026-05-10 13:49:41 (2664730) [INFO]	Progress 79.93%
2026-05-10 13:49:41 (2664730) [INFO]	Progress 80.05%
2026-05-10 13:49:42 (2664730) [INFO]	Progress 80.17%
2026-05-10 13:49:43 (2664730) [INFO]	Progress 80.29%
2026-05-10 13:49:44 (2664730) [INFO]	Progress 80.4%
2026-05-10 13:49:48 (2664730) [INFO]	Progress 80.52%
2026-05-10 13:49:48 (2664730) [INFO]	Progress 80.64%
2026-05-10 13:49:49 (2664730) [INFO]	Progress 80.76%
2026-05-10 13:49:52 (2664730) [INFO]	Progress 80.88%
2026-05-10 13:49:52 (2664730) [INFO]	Progress 81.0%
2026-05-10 13:49:53 (2664730) [INFO]	Progress 81.12%
2026-05-10 13:49:54 (2664730) [INFO]	Progress 81.24%
2026-05-10 13:49:55 (2664730) [INFO]	Progress 81.35%
2026-05-10 13:49:56 (2664730) [INFO]	Progress 81.47%
2026-05-10 13:49:57 (2664730) [INFO]	Progress 81.59%
2026-05-10 13:50:00 (2664730) [INFO]	Progress 81.71%
2026-05-10 13:50:01 (2664730) [INFO]	Progress 81.83%
2026-05-10 13:50:04 (2664730) [INFO]	Progress 81.95%
2026-05-10 13:50:05 (2664730) [INFO]	Progress 82.07%
2026-05-10 13:50:05 (2664730) [INFO]	Progress 82.19%
2026-05-10 13:50:06 (2664730) [INFO]	Progress 82.3%
2026-05-10 13:50:06 (2664730) [INFO]	Progress 82.42%
2026-05-10 13:50:06 (2664730) [INFO]	Progress 82.54%
2026-05-10 13:50:08 (2664730) [INFO]	Progress 82.66%
2026-05-10 13:50:08 (2664730) [INFO]	Progress 82.78%
2026-05-10 13:50:12 (2664730) [INFO]	Progress 82.9%
2026-05-10 13:50:14 (2664730) [INFO]	Progress 83.02%
2026-05-10 13:50:15 (2664730) [INFO]	Progress 83.14%
2026-05-10 13:50:18 (2664730) [INFO]	Progress 83.25%
2026-05-10 13:50:20 (2664730) [INFO]	Progress 83.37%
2026-05-10 13:50:24 (2664730) [INFO]	Progress 83.49%
2026-05-10 13:50:25 (2664730) [INFO]	Progress 83.61%
2026-05-10 13:50:25 (2664730) [INFO]	Progress 83.73%
2026-05-10 13:50:26 (2664730) [INFO]	Progress 83.85%
2026-05-10 13:50:28 (2664730) [INFO]	Progress 83.97%
2026-05-10 13:50:28 (2664730) [INFO]	Progress 84.09%
2026-05-10 13:50:31 (2664730) [INFO]	Progress 84.2%
2026-05-10 13:50:32 (2664730) [INFO]	Progress 84.32%
2026-05-10 13:50:33 (2664730) [INFO]	Progress 84.56%
2026-05-10 13:50:35 (2664730) [INFO]	Progress 84.68%
2026-05-10 13:50:37 (2664730) [INFO]	Progress 84.8%
2026-05-10 13:50:38 (2664730) [INFO]	Progress 84.92%
2026-05-10 13:50:41 (2664730) [INFO]	Progress 85.04%
2026-05-10 13:50:42 (2664730) [INFO]	Progress 85.15%
2026-05-10 13:50:44 (2664730) [INFO]	Progress 85.27%
2026-05-10 13:50:44 (2664730) [INFO]	Progress 85.39%
2026-05-10 13:50:47 (2664730) [INFO]	Progress 85.51%
2026-05-10 13:50:48 (2664730) [INFO]	Progress 85.63%
2026-05-10 13:50:50 (2664730) [INFO]	Progress 85.75%
2026-05-10 13:50:52 (2664730) [INFO]	Progress 85.87%
2026-05-10 13:50:52 (2664730) [INFO]	Progress 85.99%
2026-05-10 13:50:53 (2664730) [INFO]	Progress 86.1%
2026-05-10 13:50:53 (2664730) [INFO]	Progress 86.34%
2026-05-10 13:50:57 (2664730) [INFO]	Progress 86.46%
2026-05-10 13:50:59 (2664730) [INFO]	Progress 86.58%
2026-05-10 13:51:02 (2664730) [INFO]	Progress 86.7%
2026-05-10 13:51:02 (2664730) [INFO]	Progress 86.82%
2026-05-10 13:51:02 (2664730) [INFO]	Progress 86.94%
2026-05-10 13:51:03 (2664730) [INFO]	Progress 87.05%
2026-05-10 13:51:04 (2664730) [INFO]	Progress 87.17%
2026-05-10 13:51:05 (2664730) [INFO]	Progress 87.29%
2026-05-10 13:51:06 (2664730) [INFO]	Progress 87.41%
2026-05-10 13:51:08 (2664730) [INFO]	Progress 87.53%
2026-05-10 13:51:09 (2664730) [INFO]	Progress 87.65%
2026-05-10 13:51:12 (2664730) [INFO]	Progress 87.77%
2026-05-10 13:51:13 (2664730) [INFO]	Progress 87.89%
2026-05-10 13:51:14 (2664730) [INFO]	Progress 88.0%
2026-05-10 13:51:17 (2664730) [INFO]	Progress 88.12%
2026-05-10 13:51:17 (2664730) [INFO]	Progress 88.24%
2026-05-10 13:51:18 (2664730) [INFO]	Progress 88.36%
2026-05-10 13:51:23 (2664730) [INFO]	Progress 88.48%
2026-05-10 13:51:25 (2664730) [INFO]	Progress 88.6%
2026-05-10 13:51:25 (2664730) [INFO]	Progress 88.72%
2026-05-10 13:51:26 (2664730) [INFO]	Progress 88.84%
2026-05-10 13:51:26 (2664730) [INFO]	Progress 88.95%
2026-05-10 13:51:27 (2664730) [INFO]	Progress 89.07%
2026-05-10 13:51:28 (2664730) [INFO]	Progress 89.19%
2026-05-10 13:51:33 (2664730) [INFO]	Progress 89.31%
2026-05-10 13:51:34 (2664730) [INFO]	Progress 89.43%
2026-05-10 13:51:34 (2664730) [INFO]	Progress 89.55%
2026-05-10 13:51:37 (2664730) [INFO]	Progress 89.67%
2026-05-10 13:51:37 (2664730) [INFO]	Progress 89.79%
2026-05-10 13:51:38 (2664730) [INFO]	Progress 89.9%
2026-05-10 13:51:39 (2664730) [INFO]	Progress 90.02%
2026-05-10 13:51:43 (2664730) [INFO]	Progress 90.14%
2026-05-10 13:51:43 (2664730) [INFO]	Progress 90.26%
2026-05-10 13:51:44 (2664730) [INFO]	Progress 90.38%
2026-05-10 13:51:46 (2664730) [INFO]	Progress 90.5%
2026-05-10 13:51:46 (2664730) [INFO]	Progress 90.62%
2026-05-10 13:51:48 (2664730) [INFO]	Progress 90.74%
2026-05-10 13:51:50 (2664730) [INFO]	Progress 90.86%
2026-05-10 13:51:51 (2664730) [INFO]	Progress 90.97%
2026-05-10 13:51:52 (2664730) [INFO]	Progress 91.09%
2026-05-10 13:51:54 (2664730) [INFO]	Progress 91.21%
2026-05-10 13:51:54 (2664730) [INFO]	Progress 91.33%
2026-05-10 13:51:54 (2664730) [INFO]	Progress 91.45%
2026-05-10 13:51:55 (2664730) [INFO]	Progress 91.57%
2026-05-10 13:51:58 (2664730) [INFO]	Progress 91.69%
2026-05-10 13:51:58 (2664730) [INFO]	Progress 91.81%
2026-05-10 13:51:58 (2664730) [INFO]	Progress 91.92%
2026-05-10 13:52:03 (2664730) [INFO]	Progress 92.04%
2026-05-10 13:52:04 (2664730) [INFO]	Progress 92.16%
2026-05-10 13:52:04 (2664730) [INFO]	Progress 92.28%
2026-05-10 13:52:04 (2664730) [INFO]	Progress 92.4%
2026-05-10 13:52:05 (2664730) [INFO]	Progress 92.52%
2026-05-10 13:52:05 (2664730) [INFO]	Progress 92.64%
2026-05-10 13:52:07 (2664730) [INFO]	Progress 92.76%
2026-05-10 13:52:08 (2664730) [INFO]	Progress 92.87%
2026-05-10 13:52:10 (2664730) [INFO]	Progress 92.99%
2026-05-10 13:52:10 (2664730) [INFO]	Progress 93.23%
2026-05-10 13:52:14 (2664730) [INFO]	Progress 93.35%
2026-05-10 13:52:14 (2664730) [INFO]	Progress 93.47%
2026-05-10 13:52:16 (2664730) [INFO]	Progress 93.59%
2026-05-10 13:52:17 (2664730) [INFO]	Progress 93.71%
2026-05-10 13:52:17 (2664730) [INFO]	Progress 93.82%
2026-05-10 13:52:22 (2664730) [INFO]	Progress 93.94%
2026-05-10 13:52:24 (2664730) [INFO]	Progress 94.06%
2026-05-10 13:52:24 (2664730) [INFO]	Progress 94.18%
2026-05-10 13:52:25 (2664730) [INFO]	Progress 94.3%
2026-05-10 13:52:25 (2664730) [INFO]	Progress 94.42%
2026-05-10 13:52:27 (2664730) [INFO]	Progress 94.66%
2026-05-10 13:52:28 (2664730) [INFO]	Progress 94.77%
2026-05-10 13:52:29 (2664730) [INFO]	Progress 94.89%
2026-05-10 13:52:30 (2664730) [INFO]	Progress 95.01%
2026-05-10 13:52:31 (2664730) [INFO]	Progress 95.13%
2026-05-10 13:52:31 (2664730) [INFO]	Progress 95.25%
2026-05-10 13:52:34 (2664730) [INFO]	Progress 95.37%
2026-05-10 13:52:34 (2664730) [INFO]	Progress 95.49%
2026-05-10 13:52:36 (2664730) [INFO]	Progress 95.61%
2026-05-10 13:52:39 (2664730) [INFO]	Progress 95.72%
2026-05-10 13:52:40 (2664730) [INFO]	Progress 95.84%
2026-05-10 13:52:41 (2664730) [INFO]	Progress 95.96%
2026-05-10 13:52:43 (2664730) [INFO]	Progress 96.08%
2026-05-10 13:52:49 (2664730) [INFO]	Progress 96.2%
2026-05-10 13:52:50 (2664730) [INFO]	Progress 96.32%
2026-05-10 13:52:52 (2664730) [INFO]	Progress 96.44%
2026-05-10 13:52:58 (2664730) [INFO]	Progress 96.56%
2026-05-10 13:52:58 (2664730) [INFO]	Progress 96.67%
2026-05-10 13:52:59 (2664730) [INFO]	Progress 96.79%
2026-05-10 13:52:59 (2664730) [INFO]	Progress 96.91%
2026-05-10 13:53:01 (2664730) [INFO]	Progress 97.03%
2026-05-10 13:53:02 (2664730) [INFO]	Progress 97.15%
2026-05-10 13:53:03 (2664730) [INFO]	Progress 97.27%
2026-05-10 13:53:03 (2664730) [INFO]	Progress 97.39%
2026-05-10 13:53:05 (2664730) [INFO]	Progress 97.51%
2026-05-10 13:53:05 (2664730) [INFO]	Progress 97.62%
2026-05-10 13:53:07 (2664730) [INFO]	Progress 97.74%
2026-05-10 13:53:08 (2664730) [INFO]	Progress 97.86%
2026-05-10 13:53:09 (2664730) [INFO]	Progress 97.98%
2026-05-10 13:53:14 (2664730) [INFO]	Progress 98.1%
2026-05-10 13:53:14 (2664730) [INFO]	Progress 98.22%
2026-05-10 13:53:17 (2664730) [INFO]	Progress 98.34%
2026-05-10 13:53:19 (2664730) [INFO]	Progress 98.46%
2026-05-10 13:53:22 (2664730) [INFO]	Progress 98.57%
2026-05-10 13:53:22 (2664730) [INFO]	Progress 98.69%
2026-05-10 13:53:24 (2664730) [INFO]	Progress 98.81%
2026-05-10 13:53:24 (2664730) [INFO]	Progress 99.05%
2026-05-10 13:53:24 (2664730) [INFO]	Progress 99.17%
2026-05-10 13:53:28 (2664730) [INFO]	Progress 99.29%
2026-05-10 13:53:28 (2664730) [INFO]	Progress 99.41%
2026-05-10 13:53:33 (2664730) [INFO]	Progress 99.52%
2026-05-10 13:53:35 (2664730) [INFO]	Progress 99.64%
2026-05-10 13:53:38 (2664730) [INFO]	Progress 99.76%
2026-05-10 13:53:43 (2664730) [INFO]	Progress 99.88%
2026-05-10 13:53:46 (2664730) [INFO]	Progress 100.0%
2026-05-10 13:53:46 (2664730) [INFO]	Progress done!
2026-05-10 13:53:46 (2664730) [INFO]	Concatenating results from subsets

2026-05-10 13:53:47 (2664730) [INFO]	Writing all_bindetect files
2026-05-10 13:53:47 (2664730) [INFO]	Creating BINDetect plot(s)
2026-05-10 13:53:47 (2664730) [INFO]	- KO / WT (static plot)
2026-05-10 13:54:17 (2664730) [INFO]	- KO / WT (interactive plot)

2026-05-10 13:54:17 (2664730) [INFO]	Finished BINDetect run (total time elapsed: 0:19:10.468780)
# TOBIAS 0.17.3 BINDetect (run started 2026-05-10 13:54:21.884141)
# Working directory: /projects/svankamamidi@xsede.org/Project_Tbet_ATACseq/2_TOBIAS_scripts
# Command line call: TOBIAS BINDetect --motifs /pl/active/getahun_lab/atacseq_refdata/JASPAR2022_CORE_vertebrates_non-redundant_pfms_meme/JASPAR2022_CORE_vertebrates.meme --signals /pl/active/getahun_lab/Project_tbet_ATACseq/TOBIAS/FootprintScores_Output/LA21G_KO.merged_footprints.bw /pl/active/getahun_lab/Project_tbet_ATACseq/TOBIAS/FootprintScores_Output/LA21G_WT.merged_footprints.bw --genome /pl/active/getahun_lab/atacseq_refdata/genomes/mm10_primary/mm10.fa --peaks /pl/active/getahun_lab/Project_tbet_ATACseq/consensus_peaks/ALL8_union_peaks.bed --outdir /pl/active/getahun_lab/Project_tbet_ATACseq/TOBIAS/BINDetect/LA21G_KO_vs_WT --cond_names KO WT --cores 18

# ----- Input parameters -----
# signals:	['/pl/active/getahun_lab/Project_tbet_ATACseq/TOBIAS/FootprintScores_Output/LA21G_KO.merged_footprints.bw', '/pl/active/getahun_lab/Project_tbet_ATACseq/TOBIAS/FootprintScores_Output/LA21G_WT.merged_footprints.bw']
# peaks:	/pl/active/getahun_lab/Project_tbet_ATACseq/consensus_peaks/ALL8_union_peaks.bed
# motifs:	['/pl/active/getahun_lab/atacseq_refdata/JASPAR2022_CORE_vertebrates_non-redundant_pfms_meme/JASPAR2022_CORE_vertebrates.meme']
# genome:	/pl/active/getahun_lab/atacseq_refdata/genomes/mm10_primary/mm10.fa
# cond_names:	['KO', 'WT']
# peak_header:	None
# naming:	name_id
# motif_pvalue:	0.0001
# bound_pvalue:	0.001
# cluster_threshold:	0.5
# pseudo:	None
# time_series:	False
# skip_excel:	False
# output_peaks:	None
# norm_off:	False
# prefix:	bindetect
# outdir:	/pl/active/getahun_lab/Project_tbet_ATACseq/TOBIAS/BINDetect/LA21G_KO_vs_WT
# cores:	18
# split:	100
# debug:	False
# verbosity:	3


# ----- Output files -----
# /pl/active/getahun_lab/Project_tbet_ATACseq/TOBIAS/BINDetect/LA21G_KO_vs_WT/*/beds/*_KO_bound.bed
# /pl/active/getahun_lab/Project_tbet_ATACseq/TOBIAS/BINDetect/LA21G_KO_vs_WT/*/beds/*_KO_unbound.bed
# /pl/active/getahun_lab/Project_tbet_ATACseq/TOBIAS/BINDetect/LA21G_KO_vs_WT/*/beds/*_WT_bound.bed
# /pl/active/getahun_lab/Project_tbet_ATACseq/TOBIAS/BINDetect/LA21G_KO_vs_WT/*/beds/*_WT_unbound.bed
# /pl/active/getahun_lab/Project_tbet_ATACseq/TOBIAS/BINDetect/LA21G_KO_vs_WT/*/beds/*_all.bed
# /pl/active/getahun_lab/Project_tbet_ATACseq/TOBIAS/BINDetect/LA21G_KO_vs_WT/*/plots/*_log2fcs.pdf
# /pl/active/getahun_lab/Project_tbet_ATACseq/TOBIAS/BINDetect/LA21G_KO_vs_WT/*/*_overview.txt
# /pl/active/getahun_lab/Project_tbet_ATACseq/TOBIAS/BINDetect/LA21G_KO_vs_WT/*/*_overview.xlsx
# /pl/active/getahun_lab/Project_tbet_ATACseq/TOBIAS/BINDetect/LA21G_KO_vs_WT/bindetect_distances.txt
# /pl/active/getahun_lab/Project_tbet_ATACseq/TOBIAS/BINDetect/LA21G_KO_vs_WT/bindetect_results.txt
# /pl/active/getahun_lab/Project_tbet_ATACseq/TOBIAS/BINDetect/LA21G_KO_vs_WT/bindetect_results.xlsx
# /pl/active/getahun_lab/Project_tbet_ATACseq/TOBIAS/BINDetect/LA21G_KO_vs_WT/bindetect_figures.pdf


2026-05-10 13:54:21 (2676204) [INFO]	----- Processing input data -----
2026-05-10 13:54:21 (2676204) [INFO]	Checking reading/writing of files
2026-05-10 13:54:22 (2676204) [INFO]	Reading peaks
2026-05-10 13:54:22 (2676204) [INFO]	- Found 168221 regions in input peaks
2026-05-10 13:54:22 (2676204) [INFO]	- Merged to 168221 regions
2026-05-10 13:54:22 (2676204) [INFO]	Checking for match between --peaks and --fasta/--signals boundaries
2026-05-10 13:54:22 (2676204) [INFO]	- Comparing peaks to /pl/active/getahun_lab/atacseq_refdata/genomes/mm10_primary/mm10.fa
2026-05-10 13:54:22 (2676204) [INFO]	- Comparing peaks to /pl/active/getahun_lab/Project_tbet_ATACseq/TOBIAS/FootprintScores_Output/LA21G_KO.merged_footprints.bw
2026-05-10 13:54:23 (2676204) [INFO]	- Comparing peaks to /pl/active/getahun_lab/Project_tbet_ATACseq/TOBIAS/FootprintScores_Output/LA21G_WT.merged_footprints.bw
2026-05-10 13:54:23 (2676204) [INFO]	Estimating GC content from peak sequences
2026-05-10 13:54:24 (2676204) [INFO]	- GC content estimated at 47.34%
2026-05-10 13:54:24 (2676204) [INFO]	Reading motifs from file
2026-05-10 13:54:24 (2676204) [INFO]	- Read 842 motifs
2026-05-10 13:54:24 (2676204) [WARNING]	The motif output names (as given by --naming) are not unique.
2026-05-10 13:54:24 (2676204) [WARNING]	The following names occur more than once: ['MA0002.2.RUNX1_MA0002.2']
2026-05-10 13:54:24 (2676204) [WARNING]	These motifs will be renamed with '_1', '_2' etc. To prevent this renaming, please make the names of the input --motifs unique
2026-05-10 13:54:24 (2676204) [INFO]	Creating folder structure for each TF
2026-05-10 13:54:26 (2676204) [INFO]	Plotting sequence logos for each motif
2026-05-10 13:54:26 (2676204) [INFO]	Progress 0%
2026-05-10 13:54:26 (2676204) [INFO]	Progress 0.36%
2026-05-10 13:54:26 (2676204) [INFO]	Progress 1.54%
2026-05-10 13:54:26 (2676204) [INFO]	Progress 2.14%
2026-05-10 13:54:26 (2676204) [INFO]	Progress 2.49%
2026-05-10 13:54:27 (2676204) [INFO]	Progress 3.21%
2026-05-10 13:54:27 (2676204) [INFO]	Progress 3.8%
2026-05-10 13:54:27 (2676204) [INFO]	Progress 4.39%
2026-05-10 13:54:27 (2676204) [INFO]	Progress 4.99%
2026-05-10 13:54:27 (2676204) [INFO]	Progress 5.7%
2026-05-10 13:54:27 (2676204) [INFO]	Progress 6.29%
2026-05-10 13:54:27 (2676204) [INFO]	Progress 6.65%
2026-05-10 13:54:27 (2676204) [INFO]	Progress 7.24%
2026-05-10 13:54:27 (2676204) [INFO]	Progress 8.43%
2026-05-10 13:54:27 (2676204) [INFO]	Progress 8.55%
2026-05-10 13:54:28 (2676204) [INFO]	Progress 9.14%
2026-05-10 13:54:28 (2676204) [INFO]	Progress 9.86%
2026-05-10 13:54:28 (2676204) [INFO]	Progress 10.93%
2026-05-10 13:54:28 (2676204) [INFO]	Progress 11.05%
2026-05-10 13:54:28 (2676204) [INFO]	Progress 11.52%
2026-05-10 13:54:28 (2676204) [INFO]	Progress 12.35%
2026-05-10 13:54:28 (2676204) [INFO]	Progress 12.95%
2026-05-10 13:54:28 (2676204) [INFO]	Progress 13.3%
2026-05-10 13:54:28 (2676204) [INFO]	Progress 14.13%
2026-05-10 13:54:28 (2676204) [INFO]	Progress 14.61%
2026-05-10 13:54:29 (2676204) [INFO]	Progress 14.96%
2026-05-10 13:54:29 (2676204) [INFO]	Progress 15.68%
2026-05-10 13:54:29 (2676204) [INFO]	Progress 16.51%
2026-05-10 13:54:29 (2676204) [INFO]	Progress 16.75%
2026-05-10 13:54:29 (2676204) [INFO]	Progress 17.7%
2026-05-10 13:54:29 (2676204) [INFO]	Progress 18.29%
2026-05-10 13:54:29 (2676204) [INFO]	Progress 18.76%
2026-05-10 13:54:29 (2676204) [INFO]	Progress 19.48%
2026-05-10 13:54:29 (2676204) [INFO]	Progress 20.19%
2026-05-10 13:54:30 (2676204) [INFO]	Progress 20.55%
2026-05-10 13:54:30 (2676204) [INFO]	Progress 21.26%
2026-05-10 13:54:30 (2676204) [INFO]	Progress 21.97%
2026-05-10 13:54:30 (2676204) [INFO]	Progress 22.33%
2026-05-10 13:54:30 (2676204) [INFO]	Progress 23.28%
2026-05-10 13:54:30 (2676204) [INFO]	Progress 23.87%
2026-05-10 13:54:30 (2676204) [INFO]	Progress 24.58%
2026-05-10 13:54:30 (2676204) [INFO]	Progress 25.3%
2026-05-10 13:54:30 (2676204) [INFO]	Progress 26.01%
2026-05-10 13:54:30 (2676204) [INFO]	Progress 26.84%
2026-05-10 13:54:31 (2676204) [INFO]	Progress 27.2%
2026-05-10 13:54:31 (2676204) [INFO]	Progress 28.03%
2026-05-10 13:54:31 (2676204) [INFO]	Progress 28.86%
2026-05-10 13:54:31 (2676204) [INFO]	Progress 29.45%
2026-05-10 13:54:31 (2676204) [INFO]	Progress 29.93%
2026-05-10 13:54:31 (2676204) [INFO]	Progress 30.88%
2026-05-10 13:54:31 (2676204) [INFO]	Progress 31.59%
2026-05-10 13:54:31 (2676204) [INFO]	Progress 32.42%
2026-05-10 13:54:31 (2676204) [INFO]	Progress 32.54%
2026-05-10 13:54:31 (2676204) [INFO]	Progress 32.9%
2026-05-10 13:54:31 (2676204) [INFO]	Progress 33.25%
2026-05-10 13:54:32 (2676204) [INFO]	Progress 34.32%
2026-05-10 13:54:32 (2676204) [INFO]	Progress 34.8%
2026-05-10 13:54:32 (2676204) [INFO]	Progress 35.75%
2026-05-10 13:54:32 (2676204) [INFO]	Progress 36.46%
2026-05-10 13:54:32 (2676204) [INFO]	Progress 36.94%
2026-05-10 13:54:32 (2676204) [INFO]	Progress 37.53%
2026-05-10 13:54:32 (2676204) [INFO]	Progress 38.6%
2026-05-10 13:54:32 (2676204) [INFO]	Progress 39.19%
2026-05-10 13:54:32 (2676204) [INFO]	Progress 40.14%
2026-05-10 13:54:33 (2676204) [INFO]	Progress 40.62%
2026-05-10 13:54:33 (2676204) [INFO]	Progress 40.86%
2026-05-10 13:54:33 (2676204) [INFO]	Progress 41.92%
2026-05-10 13:54:33 (2676204) [INFO]	Progress 42.64%
2026-05-10 13:54:33 (2676204) [INFO]	Progress 43.23%
2026-05-10 13:54:33 (2676204) [INFO]	Progress 43.94%
2026-05-10 13:54:33 (2676204) [INFO]	Progress 44.54%
2026-05-10 13:54:33 (2676204) [INFO]	Progress 44.89%
2026-05-10 13:54:33 (2676204) [INFO]	Progress 45.96%
2026-05-10 13:54:33 (2676204) [INFO]	Progress 46.44%
2026-05-10 13:54:34 (2676204) [INFO]	Progress 46.91%
2026-05-10 13:54:34 (2676204) [INFO]	Progress 47.98%
2026-05-10 13:54:34 (2676204) [INFO]	Progress 48.34%
2026-05-10 13:54:34 (2676204) [INFO]	Progress 49.05%
2026-05-10 13:54:34 (2676204) [INFO]	Progress 50.12%
2026-05-10 13:54:34 (2676204) [INFO]	Progress 50.48%
2026-05-10 13:54:34 (2676204) [INFO]	Progress 51.19%
2026-05-10 13:54:34 (2676204) [INFO]	Progress 52.14%
2026-05-10 13:54:34 (2676204) [INFO]	Progress 52.73%
2026-05-10 13:54:34 (2676204) [INFO]	Progress 53.21%
2026-05-10 13:54:35 (2676204) [INFO]	Progress 53.44%
2026-05-10 13:54:35 (2676204) [INFO]	Progress 54.04%
2026-05-10 13:54:35 (2676204) [INFO]	Progress 54.87%
2026-05-10 13:54:35 (2676204) [INFO]	Progress 55.46%
2026-05-10 13:54:35 (2676204) [INFO]	Progress 56.77%
2026-05-10 13:54:35 (2676204) [INFO]	Progress 57.01%
2026-05-10 13:54:35 (2676204) [INFO]	Progress 57.48%
2026-05-10 13:54:35 (2676204) [INFO]	Progress 58.43%
2026-05-10 13:54:35 (2676204) [INFO]	Progress 58.79%
2026-05-10 13:54:35 (2676204) [INFO]	Progress 59.38%
2026-05-10 13:54:36 (2676204) [INFO]	Progress 60.21%
2026-05-10 13:54:36 (2676204) [INFO]	Progress 60.69%
2026-05-10 13:54:36 (2676204) [INFO]	Progress 61.4%
2026-05-10 13:54:36 (2676204) [INFO]	Progress 62.0%
2026-05-10 13:54:36 (2676204) [INFO]	Progress 62.47%
2026-05-10 13:54:36 (2676204) [INFO]	Progress 63.3%
2026-05-10 13:54:36 (2676204) [INFO]	Progress 63.9%
2026-05-10 13:54:36 (2676204) [INFO]	Progress 64.37%
2026-05-10 13:54:36 (2676204) [INFO]	Progress 65.32%
2026-05-10 13:54:36 (2676204) [INFO]	Progress 66.03%
2026-05-10 13:54:36 (2676204) [INFO]	Progress 66.15%
2026-05-10 13:54:37 (2676204) [INFO]	Progress 66.39%
2026-05-10 13:54:37 (2676204) [INFO]	Progress 67.1%
2026-05-10 13:54:37 (2676204) [INFO]	Progress 67.81%
2026-05-10 13:54:37 (2676204) [INFO]	Progress 68.41%
2026-05-10 13:54:37 (2676204) [INFO]	Progress 69.0%
2026-05-10 13:54:37 (2676204) [INFO]	Progress 69.83%
2026-05-10 13:54:37 (2676204) [INFO]	Progress 70.31%
2026-05-10 13:54:37 (2676204) [INFO]	Progress 71.5%
2026-05-10 13:54:37 (2676204) [INFO]	Progress 72.21%
2026-05-10 13:54:37 (2676204) [INFO]	Progress 72.68%
2026-05-10 13:54:38 (2676204) [INFO]	Progress 73.52%
2026-05-10 13:54:38 (2676204) [INFO]	Progress 73.87%
2026-05-10 13:54:38 (2676204) [INFO]	Progress 74.47%
2026-05-10 13:54:38 (2676204) [INFO]	Progress 74.94%
2026-05-10 13:54:38 (2676204) [INFO]	Progress 75.65%
2026-05-10 13:54:38 (2676204) [INFO]	Progress 76.37%
2026-05-10 13:54:38 (2676204) [INFO]	Progress 77.08%
2026-05-10 13:54:38 (2676204) [INFO]	Progress 77.79%
2026-05-10 13:54:38 (2676204) [INFO]	Progress 78.5%
2026-05-10 13:54:38 (2676204) [INFO]	Progress 79.1%
2026-05-10 13:54:39 (2676204) [INFO]	Progress 79.69%
2026-05-10 13:54:39 (2676204) [INFO]	Progress 80.29%
2026-05-10 13:54:39 (2676204) [INFO]	Progress 80.64%
2026-05-10 13:54:39 (2676204) [INFO]	Progress 81.12%
2026-05-10 13:54:39 (2676204) [INFO]	Progress 81.47%
2026-05-10 13:54:39 (2676204) [INFO]	Progress 81.95%
2026-05-10 13:54:39 (2676204) [INFO]	Progress 82.66%
2026-05-10 13:54:39 (2676204) [INFO]	Progress 83.25%
2026-05-10 13:54:39 (2676204) [INFO]	Progress 83.61%
2026-05-10 13:54:40 (2676204) [INFO]	Progress 84.44%
2026-05-10 13:54:40 (2676204) [INFO]	Progress 85.27%
2026-05-10 13:54:40 (2676204) [INFO]	Progress 85.63%
2026-05-10 13:54:40 (2676204) [INFO]	Progress 86.22%
2026-05-10 13:54:40 (2676204) [INFO]	Progress 86.82%
2026-05-10 13:54:40 (2676204) [INFO]	Progress 87.53%
2026-05-10 13:54:40 (2676204) [INFO]	Progress 88.12%
2026-05-10 13:54:40 (2676204) [INFO]	Progress 88.24%
2026-05-10 13:54:40 (2676204) [INFO]	Progress 88.48%
2026-05-10 13:54:40 (2676204) [INFO]	Progress 88.95%
2026-05-10 13:54:40 (2676204) [INFO]	Progress 89.19%
2026-05-10 13:54:41 (2676204) [INFO]	Progress 90.14%
2026-05-10 13:54:41 (2676204) [INFO]	Progress 90.62%
2026-05-10 13:54:41 (2676204) [INFO]	Progress 91.09%
2026-05-10 13:54:41 (2676204) [INFO]	Progress 91.21%
2026-05-10 13:54:41 (2676204) [INFO]	Progress 91.92%
2026-05-10 13:54:41 (2676204) [INFO]	Progress 92.4%
2026-05-10 13:54:41 (2676204) [INFO]	Progress 92.87%
2026-05-10 13:54:41 (2676204) [INFO]	Progress 93.35%
2026-05-10 13:54:41 (2676204) [INFO]	Progress 94.3%
2026-05-10 13:54:41 (2676204) [INFO]	Progress 94.77%
2026-05-10 13:54:42 (2676204) [INFO]	Progress 95.37%
2026-05-10 13:54:42 (2676204) [INFO]	Progress 95.84%
2026-05-10 13:54:42 (2676204) [INFO]	Progress 96.32%
2026-05-10 13:54:42 (2676204) [INFO]	Progress 96.67%
2026-05-10 13:54:42 (2676204) [INFO]	Progress 97.39%
2026-05-10 13:54:42 (2676204) [INFO]	Progress 97.74%
2026-05-10 13:54:42 (2676204) [INFO]	Progress 98.34%
2026-05-10 13:54:42 (2676204) [INFO]	Progress 99.29%
2026-05-10 13:54:42 (2676204) [INFO]	Progress 99.76%
2026-05-10 13:54:42 (2676204) [INFO]	Progress 100.0%
2026-05-10 13:54:42 (2676204) [INFO]	Progress done!


2026-05-10 13:54:43 (2676204) [INFO]	Scanning for motifs and matching to signals...
2026-05-10 13:54:43 (2676204) [INFO]	Progress 0%
2026-05-10 13:55:11 (2676204) [INFO]	Progress 1.0%
2026-05-10 13:55:11 (2676204) [INFO]	Progress 2.0%
2026-05-10 13:55:12 (2676204) [INFO]	Progress 4.0%
2026-05-10 13:55:13 (2676204) [INFO]	Progress 5.0%
2026-05-10 13:55:13 (2676204) [INFO]	Progress 6.0%
2026-05-10 13:55:14 (2676204) [INFO]	Progress 7.0%
2026-05-10 13:55:15 (2676204) [INFO]	Progress 9.0%
2026-05-10 13:55:15 (2676204) [INFO]	Progress 10.0%
2026-05-10 13:55:17 (2676204) [INFO]	Progress 11.0%
2026-05-10 13:55:17 (2676204) [INFO]	Progress 12.0%
2026-05-10 13:55:18 (2676204) [INFO]	Progress 13.0%
2026-05-10 13:55:18 (2676204) [INFO]	Progress 14.0%
2026-05-10 13:55:18 (2676204) [INFO]	Progress 15.0%
2026-05-10 13:55:19 (2676204) [INFO]	Progress 16.0%
2026-05-10 13:55:24 (2676204) [INFO]	Progress 17.0%
2026-05-10 13:55:40 (2676204) [INFO]	Progress 18.0%
2026-05-10 13:55:41 (2676204) [INFO]	Progress 19.0%
2026-05-10 13:55:44 (2676204) [INFO]	Progress 20.0%
2026-05-10 13:55:45 (2676204) [INFO]	Progress 21.0%
2026-05-10 13:55:45 (2676204) [INFO]	Progress 22.0%
2026-05-10 13:55:46 (2676204) [INFO]	Progress 23.0%
2026-05-10 13:55:46 (2676204) [INFO]	Progress 24.0%
2026-05-10 13:55:46 (2676204) [INFO]	Progress 25.0%
2026-05-10 13:55:47 (2676204) [INFO]	Progress 26.0%
2026-05-10 13:55:47 (2676204) [INFO]	Progress 27.0%
2026-05-10 13:55:48 (2676204) [INFO]	Progress 28.0%
2026-05-10 13:55:48 (2676204) [INFO]	Progress 29.0%
2026-05-10 13:55:49 (2676204) [INFO]	Progress 30.0%
2026-05-10 13:55:50 (2676204) [INFO]	Progress 31.0%
2026-05-10 13:55:50 (2676204) [INFO]	Progress 32.0%
2026-05-10 13:55:50 (2676204) [INFO]	Progress 33.0%
2026-05-10 13:55:53 (2676204) [INFO]	Progress 34.0%
2026-05-10 13:56:13 (2676204) [INFO]	Progress 35.0%
2026-05-10 13:56:16 (2676204) [INFO]	Progress 36.0%
2026-05-10 13:56:16 (2676204) [INFO]	Progress 37.0%
2026-05-10 13:56:17 (2676204) [INFO]	Progress 38.0%
2026-05-10 13:56:18 (2676204) [INFO]	Progress 39.0%
2026-05-10 13:56:18 (2676204) [INFO]	Progress 41.0%
2026-05-10 13:56:18 (2676204) [INFO]	Progress 42.0%
2026-05-10 13:56:19 (2676204) [INFO]	Progress 43.0%
2026-05-10 13:56:20 (2676204) [INFO]	Progress 44.0%
2026-05-10 13:56:21 (2676204) [INFO]	Progress 45.0%
2026-05-10 13:56:21 (2676204) [INFO]	Progress 46.0%
2026-05-10 13:56:21 (2676204) [INFO]	Progress 47.0%
2026-05-10 13:56:22 (2676204) [INFO]	Progress 48.0%
2026-05-10 13:56:26 (2676204) [INFO]	Progress 49.0%
2026-05-10 13:56:27 (2676204) [INFO]	Progress 50.0%
2026-05-10 13:56:29 (2676204) [INFO]	Progress 51.0%
2026-05-10 13:56:44 (2676204) [INFO]	Progress 52.0%
2026-05-10 13:56:46 (2676204) [INFO]	Progress 53.0%
2026-05-10 13:56:47 (2676204) [INFO]	Progress 54.0%
2026-05-10 13:56:47 (2676204) [INFO]	Progress 55.0%
2026-05-10 13:56:49 (2676204) [INFO]	Progress 56.0%
2026-05-10 13:56:49 (2676204) [INFO]	Progress 57.0%
2026-05-10 13:56:49 (2676204) [INFO]	Progress 58.0%
2026-05-10 13:56:50 (2676204) [INFO]	Progress 59.0%
2026-05-10 13:56:51 (2676204) [INFO]	Progress 60.0%
2026-05-10 13:56:52 (2676204) [INFO]	Progress 61.0%
2026-05-10 13:56:54 (2676204) [INFO]	Progress 62.0%
2026-05-10 13:56:55 (2676204) [INFO]	Progress 63.0%
2026-05-10 13:56:57 (2676204) [INFO]	Progress 64.0%
2026-05-10 13:56:57 (2676204) [INFO]	Progress 65.0%
2026-05-10 13:56:58 (2676204) [INFO]	Progress 66.0%
2026-05-10 13:56:59 (2676204) [INFO]	Progress 67.0%
2026-05-10 13:57:04 (2676204) [INFO]	Progress 68.0%
2026-05-10 13:57:15 (2676204) [INFO]	Progress 69.0%
2026-05-10 13:57:16 (2676204) [INFO]	Progress 70.0%
2026-05-10 13:57:18 (2676204) [INFO]	Progress 71.0%
2026-05-10 13:57:19 (2676204) [INFO]	Progress 72.0%
2026-05-10 13:57:19 (2676204) [INFO]	Progress 73.0%
2026-05-10 13:57:21 (2676204) [INFO]	Progress 74.0%
2026-05-10 13:57:23 (2676204) [INFO]	Progress 75.0%
2026-05-10 13:57:23 (2676204) [INFO]	Progress 76.0%
2026-05-10 13:57:24 (2676204) [INFO]	Progress 77.0%
2026-05-10 13:57:27 (2676204) [INFO]	Progress 78.0%
2026-05-10 13:57:27 (2676204) [INFO]	Progress 79.0%
2026-05-10 13:57:29 (2676204) [INFO]	Progress 80.0%
2026-05-10 13:57:30 (2676204) [INFO]	Progress 81.0%
2026-05-10 13:57:32 (2676204) [INFO]	Progress 82.0%
2026-05-10 13:57:37 (2676204) [INFO]	Progress 83.0%
2026-05-10 13:57:38 (2676204) [INFO]	Progress 84.0%
2026-05-10 13:57:39 (2676204) [INFO]	Progress 85.0%
2026-05-10 13:57:47 (2676204) [INFO]	Progress 86.0%
2026-05-10 13:57:47 (2676204) [INFO]	Progress 87.0%
2026-05-10 13:57:49 (2676204) [INFO]	Progress 88.0%
2026-05-10 13:57:51 (2676204) [INFO]	Progress 89.0%
2026-05-10 13:57:53 (2676204) [INFO]	Progress 90.0%
2026-05-10 13:57:55 (2676204) [INFO]	Progress 91.0%
2026-05-10 13:57:56 (2676204) [INFO]	Progress 92.0%
2026-05-10 13:57:56 (2676204) [INFO]	Progress 93.0%
2026-05-10 13:57:57 (2676204) [INFO]	Progress 94.0%
2026-05-10 13:57:57 (2676204) [INFO]	Progress 95.0%
2026-05-10 13:57:58 (2676204) [INFO]	Progress 96.0%
2026-05-10 13:58:00 (2676204) [INFO]	Progress 97.0%
2026-05-10 13:58:01 (2676204) [INFO]	Progress 98.0%
2026-05-10 13:58:01 (2676204) [INFO]	Progress 99.0%
2026-05-10 13:58:02 (2676204) [INFO]	Progress 100.0%
2026-05-10 13:58:02 (2676204) [INFO]	Progress done!
2026-05-10 13:58:02 (2676204) [INFO]	Done scanning for TFBS across regions!
2026-05-10 13:58:02 (2676204) [INFO]	Waiting for bedfiles to write
2026-05-10 13:58:04 (2676204) [INFO]	Merging results from subsets

2026-05-10 13:58:39 (2676204) [INFO]	Normalizing scores across conditions
2026-05-10 13:58:43 (2676204) [INFO]	Estimating bound/unbound threshold
2026-05-10 13:58:50 (2676204) [STATS]	- Threshold estimated at: 0.1233

2026-05-10 13:58:50 (2676204) [INFO]	Calculating background log2 fold-changes between conditions
2026-05-10 13:58:50 (2676204) [INFO]	- KO / WT

2026-05-10 13:58:50 (2676204) [INFO]	Processing scanned TFBS individually
2026-05-10 13:58:51 (2676204) [INFO]	Progress 0%
2026-05-10 13:58:53 (2676204) [INFO]	Progress 0.12%
2026-05-10 13:58:55 (2676204) [INFO]	Progress 0.24%
2026-05-10 13:58:58 (2676204) [INFO]	Progress 0.36%
2026-05-10 13:58:59 (2676204) [INFO]	Progress 0.59%
2026-05-10 13:59:00 (2676204) [INFO]	Progress 0.71%
2026-05-10 13:59:00 (2676204) [INFO]	Progress 0.83%
2026-05-10 13:59:00 (2676204) [INFO]	Progress 0.95%
2026-05-10 13:59:01 (2676204) [INFO]	Progress 1.07%
2026-05-10 13:59:04 (2676204) [INFO]	Progress 1.19%
2026-05-10 13:59:04 (2676204) [INFO]	Progress 1.31%
2026-05-10 13:59:05 (2676204) [INFO]	Progress 1.43%
2026-05-10 13:59:05 (2676204) [INFO]	Progress 1.54%
2026-05-10 13:59:06 (2676204) [INFO]	Progress 1.66%
2026-05-10 13:59:08 (2676204) [INFO]	Progress 1.78%
2026-05-10 13:59:10 (2676204) [INFO]	Progress 1.9%
2026-05-10 13:59:12 (2676204) [INFO]	Progress 2.02%
2026-05-10 13:59:12 (2676204) [INFO]	Progress 2.14%
2026-05-10 13:59:13 (2676204) [INFO]	Progress 2.26%
2026-05-10 13:59:13 (2676204) [INFO]	Progress 2.38%
2026-05-10 13:59:15 (2676204) [INFO]	Progress 2.49%
2026-05-10 13:59:16 (2676204) [INFO]	Progress 2.61%
2026-05-10 13:59:17 (2676204) [INFO]	Progress 2.85%
2026-05-10 13:59:17 (2676204) [INFO]	Progress 2.97%
2026-05-10 13:59:19 (2676204) [INFO]	Progress 3.09%
2026-05-10 13:59:20 (2676204) [INFO]	Progress 3.21%
2026-05-10 13:59:20 (2676204) [INFO]	Progress 3.33%
2026-05-10 13:59:20 (2676204) [INFO]	Progress 3.44%
2026-05-10 13:59:22 (2676204) [INFO]	Progress 3.56%
2026-05-10 13:59:24 (2676204) [INFO]	Progress 3.68%
2026-05-10 13:59:24 (2676204) [INFO]	Progress 3.8%
2026-05-10 13:59:27 (2676204) [INFO]	Progress 3.92%
2026-05-10 13:59:27 (2676204) [INFO]	Progress 4.04%
2026-05-10 13:59:28 (2676204) [INFO]	Progress 4.16%
2026-05-10 13:59:28 (2676204) [INFO]	Progress 4.28%
2026-05-10 13:59:29 (2676204) [INFO]	Progress 4.39%
2026-05-10 13:59:30 (2676204) [INFO]	Progress 4.51%
2026-05-10 13:59:30 (2676204) [INFO]	Progress 4.63%
2026-05-10 13:59:32 (2676204) [INFO]	Progress 4.75%
2026-05-10 13:59:35 (2676204) [INFO]	Progress 4.87%
2026-05-10 13:59:36 (2676204) [INFO]	Progress 4.99%
2026-05-10 13:59:37 (2676204) [INFO]	Progress 5.11%
2026-05-10 13:59:37 (2676204) [INFO]	Progress 5.23%
2026-05-10 13:59:39 (2676204) [INFO]	Progress 5.34%
2026-05-10 13:59:39 (2676204) [INFO]	Progress 5.46%
2026-05-10 13:59:41 (2676204) [INFO]	Progress 5.58%
2026-05-10 13:59:41 (2676204) [INFO]	Progress 5.7%
2026-05-10 13:59:43 (2676204) [INFO]	Progress 5.82%
2026-05-10 13:59:44 (2676204) [INFO]	Progress 5.94%
2026-05-10 13:59:46 (2676204) [INFO]	Progress 6.06%
2026-05-10 13:59:47 (2676204) [INFO]	Progress 6.18%
2026-05-10 13:59:50 (2676204) [INFO]	Progress 6.29%
2026-05-10 13:59:53 (2676204) [INFO]	Progress 6.41%
2026-05-10 13:59:55 (2676204) [INFO]	Progress 6.53%
2026-05-10 13:59:56 (2676204) [INFO]	Progress 6.65%
2026-05-10 13:59:56 (2676204) [INFO]	Progress 6.77%
2026-05-10 13:59:57 (2676204) [INFO]	Progress 6.89%
2026-05-10 13:59:58 (2676204) [INFO]	Progress 7.13%
2026-05-10 13:59:59 (2676204) [INFO]	Progress 7.24%
2026-05-10 13:59:59 (2676204) [INFO]	Progress 7.48%
2026-05-10 14:00:01 (2676204) [INFO]	Progress 7.6%
2026-05-10 14:00:04 (2676204) [INFO]	Progress 7.72%
2026-05-10 14:00:04 (2676204) [INFO]	Progress 7.84%
2026-05-10 14:00:06 (2676204) [INFO]	Progress 7.96%
2026-05-10 14:00:06 (2676204) [INFO]	Progress 8.08%
2026-05-10 14:00:07 (2676204) [INFO]	Progress 8.19%
2026-05-10 14:00:08 (2676204) [INFO]	Progress 8.31%
2026-05-10 14:00:08 (2676204) [INFO]	Progress 8.43%
2026-05-10 14:00:08 (2676204) [INFO]	Progress 8.55%
2026-05-10 14:00:09 (2676204) [INFO]	Progress 8.67%
2026-05-10 14:00:13 (2676204) [INFO]	Progress 8.79%
2026-05-10 14:00:14 (2676204) [INFO]	Progress 8.91%
2026-05-10 14:00:15 (2676204) [INFO]	Progress 9.03%
2026-05-10 14:00:15 (2676204) [INFO]	Progress 9.14%
2026-05-10 14:00:16 (2676204) [INFO]	Progress 9.26%
2026-05-10 14:00:16 (2676204) [INFO]	Progress 9.38%
2026-05-10 14:00:19 (2676204) [INFO]	Progress 9.5%
2026-05-10 14:00:19 (2676204) [INFO]	Progress 9.62%
2026-05-10 14:00:20 (2676204) [INFO]	Progress 9.74%
2026-05-10 14:00:21 (2676204) [INFO]	Progress 9.86%
2026-05-10 14:00:22 (2676204) [INFO]	Progress 9.98%
2026-05-10 14:00:23 (2676204) [INFO]	Progress 10.1%
2026-05-10 14:00:23 (2676204) [INFO]	Progress 10.21%
2026-05-10 14:00:23 (2676204) [INFO]	Progress 10.33%
2026-05-10 14:00:24 (2676204) [INFO]	Progress 10.57%
2026-05-10 14:00:28 (2676204) [INFO]	Progress 10.69%
2026-05-10 14:00:28 (2676204) [INFO]	Progress 10.81%
2026-05-10 14:00:29 (2676204) [INFO]	Progress 10.93%
2026-05-10 14:00:31 (2676204) [INFO]	Progress 11.05%
2026-05-10 14:00:32 (2676204) [INFO]	Progress 11.16%
2026-05-10 14:00:36 (2676204) [INFO]	Progress 11.28%
2026-05-10 14:00:37 (2676204) [INFO]	Progress 11.4%
2026-05-10 14:00:38 (2676204) [INFO]	Progress 11.52%
2026-05-10 14:00:38 (2676204) [INFO]	Progress 11.64%
2026-05-10 14:00:41 (2676204) [INFO]	Progress 11.76%
2026-05-10 14:00:43 (2676204) [INFO]	Progress 11.88%
2026-05-10 14:00:44 (2676204) [INFO]	Progress 12.0%
2026-05-10 14:00:44 (2676204) [INFO]	Progress 12.11%
2026-05-10 14:00:45 (2676204) [INFO]	Progress 12.23%
2026-05-10 14:00:46 (2676204) [INFO]	Progress 12.35%
2026-05-10 14:00:46 (2676204) [INFO]	Progress 12.47%
2026-05-10 14:00:47 (2676204) [INFO]	Progress 12.59%
2026-05-10 14:00:49 (2676204) [INFO]	Progress 12.71%
2026-05-10 14:00:50 (2676204) [INFO]	Progress 12.83%
2026-05-10 14:00:51 (2676204) [INFO]	Progress 12.95%
2026-05-10 14:00:51 (2676204) [INFO]	Progress 13.06%
2026-05-10 14:00:54 (2676204) [INFO]	Progress 13.18%
2026-05-10 14:00:55 (2676204) [INFO]	Progress 13.3%
2026-05-10 14:00:56 (2676204) [INFO]	Progress 13.42%
2026-05-10 14:00:59 (2676204) [INFO]	Progress 13.54%
2026-05-10 14:01:00 (2676204) [INFO]	Progress 13.66%
2026-05-10 14:01:00 (2676204) [INFO]	Progress 13.78%
2026-05-10 14:01:01 (2676204) [INFO]	Progress 13.9%
2026-05-10 14:01:01 (2676204) [INFO]	Progress 14.01%
2026-05-10 14:01:02 (2676204) [INFO]	Progress 14.25%
2026-05-10 14:01:03 (2676204) [INFO]	Progress 14.49%
2026-05-10 14:01:03 (2676204) [INFO]	Progress 14.61%
2026-05-10 14:01:04 (2676204) [INFO]	Progress 14.73%
2026-05-10 14:01:05 (2676204) [INFO]	Progress 14.85%
2026-05-10 14:01:12 (2676204) [INFO]	Progress 14.96%
2026-05-10 14:01:12 (2676204) [INFO]	Progress 15.08%
2026-05-10 14:01:12 (2676204) [INFO]	Progress 15.2%
2026-05-10 14:01:13 (2676204) [INFO]	Progress 15.44%
2026-05-10 14:01:15 (2676204) [INFO]	Progress 15.56%
2026-05-10 14:01:16 (2676204) [INFO]	Progress 15.68%
2026-05-10 14:01:16 (2676204) [INFO]	Progress 15.8%
2026-05-10 14:01:18 (2676204) [INFO]	Progress 15.91%
2026-05-10 14:01:19 (2676204) [INFO]	Progress 16.03%
2026-05-10 14:01:21 (2676204) [INFO]	Progress 16.15%
2026-05-10 14:01:21 (2676204) [INFO]	Progress 16.27%
2026-05-10 14:01:21 (2676204) [INFO]	Progress 16.39%
2026-05-10 14:01:23 (2676204) [INFO]	Progress 16.51%
2026-05-10 14:01:25 (2676204) [INFO]	Progress 16.63%
2026-05-10 14:01:26 (2676204) [INFO]	Progress 16.75%
2026-05-10 14:01:26 (2676204) [INFO]	Progress 16.86%
2026-05-10 14:01:29 (2676204) [INFO]	Progress 16.98%
2026-05-10 14:01:30 (2676204) [INFO]	Progress 17.1%
2026-05-10 14:01:30 (2676204) [INFO]	Progress 17.22%
2026-05-10 14:01:32 (2676204) [INFO]	Progress 17.34%
2026-05-10 14:01:35 (2676204) [INFO]	Progress 17.46%
2026-05-10 14:01:35 (2676204) [INFO]	Progress 17.58%
2026-05-10 14:01:36 (2676204) [INFO]	Progress 17.7%
2026-05-10 14:01:37 (2676204) [INFO]	Progress 17.81%
2026-05-10 14:01:37 (2676204) [INFO]	Progress 17.93%
2026-05-10 14:01:37 (2676204) [INFO]	Progress 18.05%
2026-05-10 14:01:38 (2676204) [INFO]	Progress 18.17%
2026-05-10 14:01:39 (2676204) [INFO]	Progress 18.29%
2026-05-10 14:01:40 (2676204) [INFO]	Progress 18.41%
2026-05-10 14:01:41 (2676204) [INFO]	Progress 18.53%
2026-05-10 14:01:43 (2676204) [INFO]	Progress 18.65%
2026-05-10 14:01:43 (2676204) [INFO]	Progress 18.76%
2026-05-10 14:01:44 (2676204) [INFO]	Progress 18.88%
2026-05-10 14:01:47 (2676204) [INFO]	Progress 19.0%
2026-05-10 14:01:48 (2676204) [INFO]	Progress 19.12%
2026-05-10 14:01:52 (2676204) [INFO]	Progress 19.24%
2026-05-10 14:01:52 (2676204) [INFO]	Progress 19.36%
2026-05-10 14:01:52 (2676204) [INFO]	Progress 19.48%
2026-05-10 14:01:54 (2676204) [INFO]	Progress 19.6%
2026-05-10 14:01:54 (2676204) [INFO]	Progress 19.71%
2026-05-10 14:01:54 (2676204) [INFO]	Progress 19.83%
2026-05-10 14:01:55 (2676204) [INFO]	Progress 19.95%
2026-05-10 14:01:55 (2676204) [INFO]	Progress 20.07%
2026-05-10 14:01:57 (2676204) [INFO]	Progress 20.19%
2026-05-10 14:02:01 (2676204) [INFO]	Progress 20.31%
2026-05-10 14:02:05 (2676204) [INFO]	Progress 20.43%
2026-05-10 14:02:05 (2676204) [INFO]	Progress 20.55%
2026-05-10 14:02:07 (2676204) [INFO]	Progress 20.67%
2026-05-10 14:02:08 (2676204) [INFO]	Progress 20.78%
2026-05-10 14:02:09 (2676204) [INFO]	Progress 20.9%
2026-05-10 14:02:10 (2676204) [INFO]	Progress 21.02%
2026-05-10 14:02:10 (2676204) [INFO]	Progress 21.14%
2026-05-10 14:02:12 (2676204) [INFO]	Progress 21.26%
2026-05-10 14:02:12 (2676204) [INFO]	Progress 21.38%
2026-05-10 14:02:12 (2676204) [INFO]	Progress 21.5%
2026-05-10 14:02:13 (2676204) [INFO]	Progress 21.62%
2026-05-10 14:02:13 (2676204) [INFO]	Progress 21.73%
2026-05-10 14:02:16 (2676204) [INFO]	Progress 21.85%
2026-05-10 14:02:18 (2676204) [INFO]	Progress 21.97%
2026-05-10 14:02:18 (2676204) [INFO]	Progress 22.09%
2026-05-10 14:02:18 (2676204) [INFO]	Progress 22.21%
2026-05-10 14:02:19 (2676204) [INFO]	Progress 22.33%
2026-05-10 14:02:20 (2676204) [INFO]	Progress 22.45%
2026-05-10 14:02:22 (2676204) [INFO]	Progress 22.57%
2026-05-10 14:02:23 (2676204) [INFO]	Progress 22.68%
2026-05-10 14:02:24 (2676204) [INFO]	Progress 22.8%
2026-05-10 14:02:24 (2676204) [INFO]	Progress 22.92%
2026-05-10 14:02:26 (2676204) [INFO]	Progress 23.16%
2026-05-10 14:02:27 (2676204) [INFO]	Progress 23.28%
2026-05-10 14:02:29 (2676204) [INFO]	Progress 23.4%
2026-05-10 14:02:30 (2676204) [INFO]	Progress 23.52%
2026-05-10 14:02:30 (2676204) [INFO]	Progress 23.63%
2026-05-10 14:02:31 (2676204) [INFO]	Progress 23.75%
2026-05-10 14:02:31 (2676204) [INFO]	Progress 23.87%
2026-05-10 14:02:32 (2676204) [INFO]	Progress 23.99%
2026-05-10 14:02:32 (2676204) [INFO]	Progress 24.11%
2026-05-10 14:02:33 (2676204) [INFO]	Progress 24.23%
2026-05-10 14:02:33 (2676204) [INFO]	Progress 24.35%
2026-05-10 14:02:33 (2676204) [INFO]	Progress 24.47%
2026-05-10 14:02:34 (2676204) [INFO]	Progress 24.58%
2026-05-10 14:02:34 (2676204) [INFO]	Progress 24.7%
2026-05-10 14:02:36 (2676204) [INFO]	Progress 24.82%
2026-05-10 14:02:38 (2676204) [INFO]	Progress 24.94%
2026-05-10 14:02:39 (2676204) [INFO]	Progress 25.06%
2026-05-10 14:02:40 (2676204) [INFO]	Progress 25.18%
2026-05-10 14:02:40 (2676204) [INFO]	Progress 25.3%
2026-05-10 14:02:41 (2676204) [INFO]	Progress 25.42%
2026-05-10 14:02:42 (2676204) [INFO]	Progress 25.53%
2026-05-10 14:02:42 (2676204) [INFO]	Progress 25.65%
2026-05-10 14:02:44 (2676204) [INFO]	Progress 25.89%
2026-05-10 14:02:45 (2676204) [INFO]	Progress 26.01%
2026-05-10 14:02:46 (2676204) [INFO]	Progress 26.13%
2026-05-10 14:02:47 (2676204) [INFO]	Progress 26.25%
2026-05-10 14:02:48 (2676204) [INFO]	Progress 26.37%
2026-05-10 14:02:49 (2676204) [INFO]	Progress 26.48%
2026-05-10 14:02:49 (2676204) [INFO]	Progress 26.72%
2026-05-10 14:02:49 (2676204) [INFO]	Progress 26.84%
2026-05-10 14:02:49 (2676204) [INFO]	Progress 26.96%
2026-05-10 14:02:50 (2676204) [INFO]	Progress 27.08%
2026-05-10 14:02:50 (2676204) [INFO]	Progress 27.2%
2026-05-10 14:02:51 (2676204) [INFO]	Progress 27.32%
2026-05-10 14:02:51 (2676204) [INFO]	Progress 27.43%
2026-05-10 14:02:51 (2676204) [INFO]	Progress 27.55%
2026-05-10 14:02:52 (2676204) [INFO]	Progress 27.67%
2026-05-10 14:02:53 (2676204) [INFO]	Progress 27.79%
2026-05-10 14:02:54 (2676204) [INFO]	Progress 27.91%
2026-05-10 14:02:55 (2676204) [INFO]	Progress 28.03%
2026-05-10 14:02:55 (2676204) [INFO]	Progress 28.15%
2026-05-10 14:02:56 (2676204) [INFO]	Progress 28.27%
2026-05-10 14:02:57 (2676204) [INFO]	Progress 28.38%
2026-05-10 14:02:57 (2676204) [INFO]	Progress 28.5%
2026-05-10 14:02:58 (2676204) [INFO]	Progress 28.62%
2026-05-10 14:02:59 (2676204) [INFO]	Progress 28.74%
2026-05-10 14:02:59 (2676204) [INFO]	Progress 28.86%
2026-05-10 14:03:01 (2676204) [INFO]	Progress 28.98%
2026-05-10 14:03:02 (2676204) [INFO]	Progress 29.1%
2026-05-10 14:03:03 (2676204) [INFO]	Progress 29.22%
2026-05-10 14:03:03 (2676204) [INFO]	Progress 29.33%
2026-05-10 14:03:03 (2676204) [INFO]	Progress 29.45%
2026-05-10 14:03:05 (2676204) [INFO]	Progress 29.57%
2026-05-10 14:03:06 (2676204) [INFO]	Progress 29.69%
2026-05-10 14:03:06 (2676204) [INFO]	Progress 29.81%
2026-05-10 14:03:07 (2676204) [INFO]	Progress 29.93%
2026-05-10 14:03:07 (2676204) [INFO]	Progress 30.05%
2026-05-10 14:03:08 (2676204) [INFO]	Progress 30.17%
2026-05-10 14:03:08 (2676204) [INFO]	Progress 30.29%
2026-05-10 14:03:08 (2676204) [INFO]	Progress 30.52%
2026-05-10 14:03:09 (2676204) [INFO]	Progress 30.64%
2026-05-10 14:03:10 (2676204) [INFO]	Progress 30.76%
2026-05-10 14:03:10 (2676204) [INFO]	Progress 30.88%
2026-05-10 14:03:10 (2676204) [INFO]	Progress 31.0%
2026-05-10 14:03:12 (2676204) [INFO]	Progress 31.12%
2026-05-10 14:03:15 (2676204) [INFO]	Progress 31.24%
2026-05-10 14:03:16 (2676204) [INFO]	Progress 31.47%
2026-05-10 14:03:19 (2676204) [INFO]	Progress 31.59%
2026-05-10 14:03:20 (2676204) [INFO]	Progress 31.71%
2026-05-10 14:03:22 (2676204) [INFO]	Progress 31.83%
2026-05-10 14:03:22 (2676204) [INFO]	Progress 31.95%
2026-05-10 14:03:22 (2676204) [INFO]	Progress 32.19%
2026-05-10 14:03:23 (2676204) [INFO]	Progress 32.3%
2026-05-10 14:03:24 (2676204) [INFO]	Progress 32.42%
2026-05-10 14:03:24 (2676204) [INFO]	Progress 32.54%
2026-05-10 14:03:26 (2676204) [INFO]	Progress 32.66%
2026-05-10 14:03:29 (2676204) [INFO]	Progress 32.78%
2026-05-10 14:03:30 (2676204) [INFO]	Progress 32.9%
2026-05-10 14:03:30 (2676204) [INFO]	Progress 33.02%
2026-05-10 14:03:30 (2676204) [INFO]	Progress 33.14%
2026-05-10 14:03:31 (2676204) [INFO]	Progress 33.25%
2026-05-10 14:03:31 (2676204) [INFO]	Progress 33.37%
2026-05-10 14:03:34 (2676204) [INFO]	Progress 33.61%
2026-05-10 14:03:36 (2676204) [INFO]	Progress 33.73%
2026-05-10 14:03:37 (2676204) [INFO]	Progress 33.85%
2026-05-10 14:03:38 (2676204) [INFO]	Progress 33.97%
2026-05-10 14:03:38 (2676204) [INFO]	Progress 34.09%
2026-05-10 14:03:38 (2676204) [INFO]	Progress 34.2%
2026-05-10 14:03:38 (2676204) [INFO]	Progress 34.32%
2026-05-10 14:03:42 (2676204) [INFO]	Progress 34.44%
2026-05-10 14:03:43 (2676204) [INFO]	Progress 34.56%
2026-05-10 14:03:43 (2676204) [INFO]	Progress 34.68%
2026-05-10 14:03:43 (2676204) [INFO]	Progress 34.8%
2026-05-10 14:03:44 (2676204) [INFO]	Progress 34.92%
2026-05-10 14:03:44 (2676204) [INFO]	Progress 35.04%
2026-05-10 14:03:44 (2676204) [INFO]	Progress 35.15%
2026-05-10 14:03:45 (2676204) [INFO]	Progress 35.27%
2026-05-10 14:03:46 (2676204) [INFO]	Progress 35.39%
2026-05-10 14:03:46 (2676204) [INFO]	Progress 35.51%
2026-05-10 14:03:48 (2676204) [INFO]	Progress 35.63%
2026-05-10 14:03:49 (2676204) [INFO]	Progress 35.75%
2026-05-10 14:03:49 (2676204) [INFO]	Progress 35.87%
2026-05-10 14:03:49 (2676204) [INFO]	Progress 35.99%
2026-05-10 14:03:50 (2676204) [INFO]	Progress 36.22%
2026-05-10 14:03:51 (2676204) [INFO]	Progress 36.34%
2026-05-10 14:03:53 (2676204) [INFO]	Progress 36.46%
2026-05-10 14:03:53 (2676204) [INFO]	Progress 36.58%
2026-05-10 14:03:54 (2676204) [INFO]	Progress 36.7%
2026-05-10 14:03:54 (2676204) [INFO]	Progress 36.82%
2026-05-10 14:03:55 (2676204) [INFO]	Progress 36.94%
2026-05-10 14:03:55 (2676204) [INFO]	Progress 37.05%
2026-05-10 14:03:55 (2676204) [INFO]	Progress 37.17%
2026-05-10 14:03:55 (2676204) [INFO]	Progress 37.41%
2026-05-10 14:03:56 (2676204) [INFO]	Progress 37.53%
2026-05-10 14:03:56 (2676204) [INFO]	Progress 37.65%
2026-05-10 14:03:57 (2676204) [INFO]	Progress 37.77%
2026-05-10 14:03:58 (2676204) [INFO]	Progress 37.89%
2026-05-10 14:03:59 (2676204) [INFO]	Progress 38.0%
2026-05-10 14:04:00 (2676204) [INFO]	Progress 38.12%
2026-05-10 14:04:01 (2676204) [INFO]	Progress 38.24%
2026-05-10 14:04:03 (2676204) [INFO]	Progress 38.36%
2026-05-10 14:04:04 (2676204) [INFO]	Progress 38.48%
2026-05-10 14:04:06 (2676204) [INFO]	Progress 38.6%
2026-05-10 14:04:08 (2676204) [INFO]	Progress 38.72%
2026-05-10 14:04:11 (2676204) [INFO]	Progress 38.84%
2026-05-10 14:04:11 (2676204) [INFO]	Progress 38.95%
2026-05-10 14:04:14 (2676204) [INFO]	Progress 39.19%
2026-05-10 14:04:14 (2676204) [INFO]	Progress 39.31%
2026-05-10 14:04:15 (2676204) [INFO]	Progress 39.43%
2026-05-10 14:04:15 (2676204) [INFO]	Progress 39.55%
2026-05-10 14:04:16 (2676204) [INFO]	Progress 39.67%
2026-05-10 14:04:17 (2676204) [INFO]	Progress 39.79%
2026-05-10 14:04:17 (2676204) [INFO]	Progress 39.9%
2026-05-10 14:04:17 (2676204) [INFO]	Progress 40.02%
2026-05-10 14:04:18 (2676204) [INFO]	Progress 40.14%
2026-05-10 14:04:20 (2676204) [INFO]	Progress 40.26%
2026-05-10 14:04:20 (2676204) [INFO]	Progress 40.38%
2026-05-10 14:04:21 (2676204) [INFO]	Progress 40.5%
2026-05-10 14:04:21 (2676204) [INFO]	Progress 40.62%
2026-05-10 14:04:21 (2676204) [INFO]	Progress 40.74%
2026-05-10 14:04:22 (2676204) [INFO]	Progress 40.86%
2026-05-10 14:04:25 (2676204) [INFO]	Progress 40.97%
2026-05-10 14:04:28 (2676204) [INFO]	Progress 41.09%
2026-05-10 14:04:28 (2676204) [INFO]	Progress 41.21%
2026-05-10 14:04:29 (2676204) [INFO]	Progress 41.33%
2026-05-10 14:04:32 (2676204) [INFO]	Progress 41.45%
2026-05-10 14:04:33 (2676204) [INFO]	Progress 41.57%
2026-05-10 14:04:33 (2676204) [INFO]	Progress 41.69%
2026-05-10 14:04:34 (2676204) [INFO]	Progress 41.81%
2026-05-10 14:04:35 (2676204) [INFO]	Progress 41.92%
2026-05-10 14:04:35 (2676204) [INFO]	Progress 42.16%
2026-05-10 14:04:37 (2676204) [INFO]	Progress 42.28%
2026-05-10 14:04:38 (2676204) [INFO]	Progress 42.4%
2026-05-10 14:04:40 (2676204) [INFO]	Progress 42.52%
2026-05-10 14:04:40 (2676204) [INFO]	Progress 42.64%
2026-05-10 14:04:43 (2676204) [INFO]	Progress 42.87%
2026-05-10 14:04:47 (2676204) [INFO]	Progress 43.11%
2026-05-10 14:04:47 (2676204) [INFO]	Progress 43.23%
2026-05-10 14:04:48 (2676204) [INFO]	Progress 43.35%
2026-05-10 14:04:49 (2676204) [INFO]	Progress 43.47%
2026-05-10 14:04:50 (2676204) [INFO]	Progress 43.71%
2026-05-10 14:04:50 (2676204) [INFO]	Progress 43.82%
2026-05-10 14:04:51 (2676204) [INFO]	Progress 43.94%
2026-05-10 14:04:52 (2676204) [INFO]	Progress 44.06%
2026-05-10 14:04:52 (2676204) [INFO]	Progress 44.18%
2026-05-10 14:04:56 (2676204) [INFO]	Progress 44.3%
2026-05-10 14:04:56 (2676204) [INFO]	Progress 44.42%
2026-05-10 14:04:57 (2676204) [INFO]	Progress 44.54%
2026-05-10 14:04:58 (2676204) [INFO]	Progress 44.66%
2026-05-10 14:04:58 (2676204) [INFO]	Progress 44.77%
2026-05-10 14:04:58 (2676204) [INFO]	Progress 45.01%
2026-05-10 14:05:03 (2676204) [INFO]	Progress 45.13%
2026-05-10 14:05:04 (2676204) [INFO]	Progress 45.25%
2026-05-10 14:05:05 (2676204) [INFO]	Progress 45.37%
2026-05-10 14:05:05 (2676204) [INFO]	Progress 45.49%
2026-05-10 14:05:05 (2676204) [INFO]	Progress 45.61%
2026-05-10 14:05:06 (2676204) [INFO]	Progress 45.96%
2026-05-10 14:05:07 (2676204) [INFO]	Progress 46.08%
2026-05-10 14:05:08 (2676204) [INFO]	Progress 46.32%
2026-05-10 14:05:08 (2676204) [INFO]	Progress 46.44%
2026-05-10 14:05:09 (2676204) [INFO]	Progress 46.56%
2026-05-10 14:05:11 (2676204) [INFO]	Progress 46.67%
2026-05-10 14:05:11 (2676204) [INFO]	Progress 46.79%
2026-05-10 14:05:11 (2676204) [INFO]	Progress 46.91%
2026-05-10 14:05:11 (2676204) [INFO]	Progress 47.03%
2026-05-10 14:05:13 (2676204) [INFO]	Progress 47.15%
2026-05-10 14:05:14 (2676204) [INFO]	Progress 47.27%
2026-05-10 14:05:14 (2676204) [INFO]	Progress 47.39%
2026-05-10 14:05:18 (2676204) [INFO]	Progress 47.51%
2026-05-10 14:05:19 (2676204) [INFO]	Progress 47.62%
2026-05-10 14:05:19 (2676204) [INFO]	Progress 47.74%
2026-05-10 14:05:20 (2676204) [INFO]	Progress 47.86%
2026-05-10 14:05:20 (2676204) [INFO]	Progress 47.98%
2026-05-10 14:05:21 (2676204) [INFO]	Progress 48.1%
2026-05-10 14:05:21 (2676204) [INFO]	Progress 48.22%
2026-05-10 14:05:22 (2676204) [INFO]	Progress 48.34%
2026-05-10 14:05:24 (2676204) [INFO]	Progress 48.46%
2026-05-10 14:05:26 (2676204) [INFO]	Progress 48.69%
2026-05-10 14:05:26 (2676204) [INFO]	Progress 48.81%
2026-05-10 14:05:26 (2676204) [INFO]	Progress 48.93%
2026-05-10 14:05:26 (2676204) [INFO]	Progress 49.05%
2026-05-10 14:05:27 (2676204) [INFO]	Progress 49.17%
2026-05-10 14:05:27 (2676204) [INFO]	Progress 49.41%
2026-05-10 14:05:28 (2676204) [INFO]	Progress 49.52%
2026-05-10 14:05:28 (2676204) [INFO]	Progress 49.76%
2026-05-10 14:05:28 (2676204) [INFO]	Progress 49.88%
2026-05-10 14:05:30 (2676204) [INFO]	Progress 50.12%
2026-05-10 14:05:30 (2676204) [INFO]	Progress 50.24%
2026-05-10 14:05:31 (2676204) [INFO]	Progress 50.36%
2026-05-10 14:05:31 (2676204) [INFO]	Progress 50.48%
2026-05-10 14:05:32 (2676204) [INFO]	Progress 50.59%
2026-05-10 14:05:32 (2676204) [INFO]	Progress 50.71%
2026-05-10 14:05:35 (2676204) [INFO]	Progress 50.83%
2026-05-10 14:05:35 (2676204) [INFO]	Progress 50.95%
2026-05-10 14:05:37 (2676204) [INFO]	Progress 51.07%
2026-05-10 14:05:37 (2676204) [INFO]	Progress 51.19%
2026-05-10 14:05:37 (2676204) [INFO]	Progress 51.31%
2026-05-10 14:05:37 (2676204) [INFO]	Progress 51.43%
2026-05-10 14:05:38 (2676204) [INFO]	Progress 51.54%
2026-05-10 14:05:39 (2676204) [INFO]	Progress 51.66%
2026-05-10 14:05:40 (2676204) [INFO]	Progress 51.78%
2026-05-10 14:05:40 (2676204) [INFO]	Progress 51.9%
2026-05-10 14:05:41 (2676204) [INFO]	Progress 52.02%
2026-05-10 14:05:41 (2676204) [INFO]	Progress 52.14%
2026-05-10 14:05:42 (2676204) [INFO]	Progress 52.26%
2026-05-10 14:05:44 (2676204) [INFO]	Progress 52.38%
2026-05-10 14:05:44 (2676204) [INFO]	Progress 52.49%
2026-05-10 14:05:45 (2676204) [INFO]	Progress 52.61%
2026-05-10 14:05:45 (2676204) [INFO]	Progress 52.73%
2026-05-10 14:05:46 (2676204) [INFO]	Progress 52.85%
2026-05-10 14:05:47 (2676204) [INFO]	Progress 52.97%
2026-05-10 14:05:47 (2676204) [INFO]	Progress 53.09%
2026-05-10 14:05:48 (2676204) [INFO]	Progress 53.21%
2026-05-10 14:05:52 (2676204) [INFO]	Progress 53.33%
2026-05-10 14:05:53 (2676204) [INFO]	Progress 53.44%
2026-05-10 14:05:55 (2676204) [INFO]	Progress 53.56%
2026-05-10 14:05:56 (2676204) [INFO]	Progress 53.68%
2026-05-10 14:05:56 (2676204) [INFO]	Progress 53.8%
2026-05-10 14:05:57 (2676204) [INFO]	Progress 53.92%
2026-05-10 14:05:59 (2676204) [INFO]	Progress 54.04%
2026-05-10 14:06:00 (2676204) [INFO]	Progress 54.16%
2026-05-10 14:06:00 (2676204) [INFO]	Progress 54.28%
2026-05-10 14:06:01 (2676204) [INFO]	Progress 54.39%
2026-05-10 14:06:01 (2676204) [INFO]	Progress 54.51%
2026-05-10 14:06:03 (2676204) [INFO]	Progress 54.63%
2026-05-10 14:06:03 (2676204) [INFO]	Progress 54.99%
2026-05-10 14:06:04 (2676204) [INFO]	Progress 55.11%
2026-05-10 14:06:04 (2676204) [INFO]	Progress 55.23%
2026-05-10 14:06:04 (2676204) [INFO]	Progress 55.34%
2026-05-10 14:06:04 (2676204) [INFO]	Progress 55.46%
2026-05-10 14:06:05 (2676204) [INFO]	Progress 55.58%
2026-05-10 14:06:06 (2676204) [INFO]	Progress 55.7%
2026-05-10 14:06:07 (2676204) [INFO]	Progress 55.82%
2026-05-10 14:06:07 (2676204) [INFO]	Progress 55.94%
2026-05-10 14:06:09 (2676204) [INFO]	Progress 56.06%
2026-05-10 14:06:09 (2676204) [INFO]	Progress 56.18%
2026-05-10 14:06:09 (2676204) [INFO]	Progress 56.41%
2026-05-10 14:06:10 (2676204) [INFO]	Progress 56.53%
2026-05-10 14:06:10 (2676204) [INFO]	Progress 56.65%
2026-05-10 14:06:10 (2676204) [INFO]	Progress 56.89%
2026-05-10 14:06:10 (2676204) [INFO]	Progress 57.01%
2026-05-10 14:06:10 (2676204) [INFO]	Progress 57.13%
2026-05-10 14:06:11 (2676204) [INFO]	Progress 57.24%
2026-05-10 14:06:11 (2676204) [INFO]	Progress 57.36%
2026-05-10 14:06:12 (2676204) [INFO]	Progress 57.48%
2026-05-10 14:06:12 (2676204) [INFO]	Progress 57.6%
2026-05-10 14:06:14 (2676204) [INFO]	Progress 57.72%
2026-05-10 14:06:14 (2676204) [INFO]	Progress 57.84%
2026-05-10 14:06:14 (2676204) [INFO]	Progress 57.96%
2026-05-10 14:06:15 (2676204) [INFO]	Progress 58.08%
2026-05-10 14:06:16 (2676204) [INFO]	Progress 58.19%
2026-05-10 14:06:17 (2676204) [INFO]	Progress 58.31%
2026-05-10 14:06:17 (2676204) [INFO]	Progress 58.43%
2026-05-10 14:06:18 (2676204) [INFO]	Progress 58.55%
2026-05-10 14:06:18 (2676204) [INFO]	Progress 58.67%
2026-05-10 14:06:20 (2676204) [INFO]	Progress 58.79%
2026-05-10 14:06:20 (2676204) [INFO]	Progress 58.91%
2026-05-10 14:06:20 (2676204) [INFO]	Progress 59.03%
2026-05-10 14:06:21 (2676204) [INFO]	Progress 59.14%
2026-05-10 14:06:21 (2676204) [INFO]	Progress 59.26%
2026-05-10 14:06:21 (2676204) [INFO]	Progress 59.38%
2026-05-10 14:06:22 (2676204) [INFO]	Progress 59.5%
2026-05-10 14:06:22 (2676204) [INFO]	Progress 59.62%
2026-05-10 14:06:22 (2676204) [INFO]	Progress 59.86%
2026-05-10 14:06:23 (2676204) [INFO]	Progress 59.98%
2026-05-10 14:06:24 (2676204) [INFO]	Progress 60.1%
2026-05-10 14:06:25 (2676204) [INFO]	Progress 60.21%
2026-05-10 14:06:26 (2676204) [INFO]	Progress 60.33%
2026-05-10 14:06:27 (2676204) [INFO]	Progress 60.45%
2026-05-10 14:06:28 (2676204) [INFO]	Progress 60.57%
2026-05-10 14:06:29 (2676204) [INFO]	Progress 60.69%
2026-05-10 14:06:29 (2676204) [INFO]	Progress 60.81%
2026-05-10 14:06:31 (2676204) [INFO]	Progress 60.93%
2026-05-10 14:06:32 (2676204) [INFO]	Progress 61.05%
2026-05-10 14:06:34 (2676204) [INFO]	Progress 61.16%
2026-05-10 14:06:35 (2676204) [INFO]	Progress 61.28%
2026-05-10 14:06:37 (2676204) [INFO]	Progress 61.4%
2026-05-10 14:06:38 (2676204) [INFO]	Progress 61.52%
2026-05-10 14:06:39 (2676204) [INFO]	Progress 61.64%
2026-05-10 14:06:43 (2676204) [INFO]	Progress 61.76%
2026-05-10 14:06:45 (2676204) [INFO]	Progress 61.88%
2026-05-10 14:06:45 (2676204) [INFO]	Progress 62.0%
2026-05-10 14:06:47 (2676204) [INFO]	Progress 62.11%
2026-05-10 14:06:47 (2676204) [INFO]	Progress 62.23%
2026-05-10 14:06:48 (2676204) [INFO]	Progress 62.35%
2026-05-10 14:06:48 (2676204) [INFO]	Progress 62.47%
2026-05-10 14:06:48 (2676204) [INFO]	Progress 62.59%
2026-05-10 14:06:49 (2676204) [INFO]	Progress 62.71%
2026-05-10 14:06:50 (2676204) [INFO]	Progress 62.83%
2026-05-10 14:06:50 (2676204) [INFO]	Progress 62.95%
2026-05-10 14:06:51 (2676204) [INFO]	Progress 63.06%
2026-05-10 14:06:52 (2676204) [INFO]	Progress 63.18%
2026-05-10 14:06:53 (2676204) [INFO]	Progress 63.3%
2026-05-10 14:06:54 (2676204) [INFO]	Progress 63.54%
2026-05-10 14:06:55 (2676204) [INFO]	Progress 63.66%
2026-05-10 14:06:55 (2676204) [INFO]	Progress 63.78%
2026-05-10 14:06:58 (2676204) [INFO]	Progress 63.9%
2026-05-10 14:06:58 (2676204) [INFO]	Progress 64.01%
2026-05-10 14:06:58 (2676204) [INFO]	Progress 64.13%
2026-05-10 14:07:00 (2676204) [INFO]	Progress 64.25%
2026-05-10 14:07:01 (2676204) [INFO]	Progress 64.37%
2026-05-10 14:07:01 (2676204) [INFO]	Progress 64.49%
2026-05-10 14:07:02 (2676204) [INFO]	Progress 64.61%
2026-05-10 14:07:02 (2676204) [INFO]	Progress 64.73%
2026-05-10 14:07:02 (2676204) [INFO]	Progress 64.85%
2026-05-10 14:07:03 (2676204) [INFO]	Progress 64.96%
2026-05-10 14:07:03 (2676204) [INFO]	Progress 65.2%
2026-05-10 14:07:07 (2676204) [INFO]	Progress 65.32%
2026-05-10 14:07:07 (2676204) [INFO]	Progress 65.44%
2026-05-10 14:07:07 (2676204) [INFO]	Progress 65.56%
2026-05-10 14:07:08 (2676204) [INFO]	Progress 65.68%
2026-05-10 14:07:08 (2676204) [INFO]	Progress 65.8%
2026-05-10 14:07:11 (2676204) [INFO]	Progress 65.91%
2026-05-10 14:07:11 (2676204) [INFO]	Progress 66.03%
2026-05-10 14:07:12 (2676204) [INFO]	Progress 66.15%
2026-05-10 14:07:13 (2676204) [INFO]	Progress 66.27%
2026-05-10 14:07:13 (2676204) [INFO]	Progress 66.39%
2026-05-10 14:07:15 (2676204) [INFO]	Progress 66.63%
2026-05-10 14:07:19 (2676204) [INFO]	Progress 66.75%
2026-05-10 14:07:19 (2676204) [INFO]	Progress 66.86%
2026-05-10 14:07:20 (2676204) [INFO]	Progress 66.98%
2026-05-10 14:07:20 (2676204) [INFO]	Progress 67.1%
2026-05-10 14:07:20 (2676204) [INFO]	Progress 67.22%
2026-05-10 14:07:21 (2676204) [INFO]	Progress 67.34%
2026-05-10 14:07:22 (2676204) [INFO]	Progress 67.46%
2026-05-10 14:07:22 (2676204) [INFO]	Progress 67.58%
2026-05-10 14:07:23 (2676204) [INFO]	Progress 67.7%
2026-05-10 14:07:25 (2676204) [INFO]	Progress 67.81%
2026-05-10 14:07:25 (2676204) [INFO]	Progress 67.93%
2026-05-10 14:07:26 (2676204) [INFO]	Progress 68.05%
2026-05-10 14:07:27 (2676204) [INFO]	Progress 68.17%
2026-05-10 14:07:28 (2676204) [INFO]	Progress 68.29%
2026-05-10 14:07:29 (2676204) [INFO]	Progress 68.41%
2026-05-10 14:07:29 (2676204) [INFO]	Progress 68.53%
2026-05-10 14:07:30 (2676204) [INFO]	Progress 68.65%
2026-05-10 14:07:31 (2676204) [INFO]	Progress 68.76%
2026-05-10 14:07:32 (2676204) [INFO]	Progress 68.88%
2026-05-10 14:07:32 (2676204) [INFO]	Progress 69.0%
2026-05-10 14:07:32 (2676204) [INFO]	Progress 69.12%
2026-05-10 14:07:33 (2676204) [INFO]	Progress 69.36%
2026-05-10 14:07:33 (2676204) [INFO]	Progress 69.48%
2026-05-10 14:07:34 (2676204) [INFO]	Progress 69.6%
2026-05-10 14:07:34 (2676204) [INFO]	Progress 69.71%
2026-05-10 14:07:36 (2676204) [INFO]	Progress 69.83%
2026-05-10 14:07:38 (2676204) [INFO]	Progress 69.95%
2026-05-10 14:07:38 (2676204) [INFO]	Progress 70.07%
2026-05-10 14:07:39 (2676204) [INFO]	Progress 70.31%
2026-05-10 14:07:39 (2676204) [INFO]	Progress 70.43%
2026-05-10 14:07:39 (2676204) [INFO]	Progress 70.55%
2026-05-10 14:07:40 (2676204) [INFO]	Progress 70.67%
2026-05-10 14:07:40 (2676204) [INFO]	Progress 70.78%
2026-05-10 14:07:41 (2676204) [INFO]	Progress 70.9%
2026-05-10 14:07:41 (2676204) [INFO]	Progress 71.02%
2026-05-10 14:07:41 (2676204) [INFO]	Progress 71.14%
2026-05-10 14:07:42 (2676204) [INFO]	Progress 71.26%
2026-05-10 14:07:43 (2676204) [INFO]	Progress 71.38%
2026-05-10 14:07:43 (2676204) [INFO]	Progress 71.5%
2026-05-10 14:07:44 (2676204) [INFO]	Progress 71.62%
2026-05-10 14:07:44 (2676204) [INFO]	Progress 71.73%
2026-05-10 14:07:44 (2676204) [INFO]	Progress 71.85%
2026-05-10 14:07:46 (2676204) [INFO]	Progress 71.97%
2026-05-10 14:07:46 (2676204) [INFO]	Progress 72.09%
2026-05-10 14:07:47 (2676204) [INFO]	Progress 72.21%
2026-05-10 14:07:47 (2676204) [INFO]	Progress 72.33%
2026-05-10 14:07:48 (2676204) [INFO]	Progress 72.45%
2026-05-10 14:07:49 (2676204) [INFO]	Progress 72.57%
2026-05-10 14:07:50 (2676204) [INFO]	Progress 72.68%
2026-05-10 14:07:56 (2676204) [INFO]	Progress 72.8%
2026-05-10 14:07:57 (2676204) [INFO]	Progress 72.92%
2026-05-10 14:08:02 (2676204) [INFO]	Progress 73.04%
2026-05-10 14:08:02 (2676204) [INFO]	Progress 73.28%
2026-05-10 14:08:03 (2676204) [INFO]	Progress 73.4%
2026-05-10 14:08:05 (2676204) [INFO]	Progress 73.52%
2026-05-10 14:08:06 (2676204) [INFO]	Progress 73.63%
2026-05-10 14:08:06 (2676204) [INFO]	Progress 73.75%
2026-05-10 14:08:09 (2676204) [INFO]	Progress 73.87%
2026-05-10 14:08:10 (2676204) [INFO]	Progress 73.99%
2026-05-10 14:08:10 (2676204) [INFO]	Progress 74.11%
2026-05-10 14:08:13 (2676204) [INFO]	Progress 74.35%
2026-05-10 14:08:16 (2676204) [INFO]	Progress 74.58%
2026-05-10 14:08:16 (2676204) [INFO]	Progress 74.82%
2026-05-10 14:08:18 (2676204) [INFO]	Progress 74.94%
2026-05-10 14:08:18 (2676204) [INFO]	Progress 75.06%
2026-05-10 14:08:19 (2676204) [INFO]	Progress 75.18%
2026-05-10 14:08:19 (2676204) [INFO]	Progress 75.3%
2026-05-10 14:08:19 (2676204) [INFO]	Progress 75.53%
2026-05-10 14:08:22 (2676204) [INFO]	Progress 75.65%
2026-05-10 14:08:22 (2676204) [INFO]	Progress 75.77%
2026-05-10 14:08:23 (2676204) [INFO]	Progress 75.89%
2026-05-10 14:08:23 (2676204) [INFO]	Progress 76.01%
2026-05-10 14:08:24 (2676204) [INFO]	Progress 76.13%
2026-05-10 14:08:25 (2676204) [INFO]	Progress 76.25%
2026-05-10 14:08:25 (2676204) [INFO]	Progress 76.37%
2026-05-10 14:08:27 (2676204) [INFO]	Progress 76.48%
2026-05-10 14:08:27 (2676204) [INFO]	Progress 76.6%
2026-05-10 14:08:28 (2676204) [INFO]	Progress 76.72%
2026-05-10 14:08:28 (2676204) [INFO]	Progress 76.84%
2026-05-10 14:08:28 (2676204) [INFO]	Progress 76.96%
2026-05-10 14:08:29 (2676204) [INFO]	Progress 77.08%
2026-05-10 14:08:30 (2676204) [INFO]	Progress 77.32%
2026-05-10 14:08:31 (2676204) [INFO]	Progress 77.43%
2026-05-10 14:08:31 (2676204) [INFO]	Progress 77.55%
2026-05-10 14:08:33 (2676204) [INFO]	Progress 77.67%
2026-05-10 14:08:34 (2676204) [INFO]	Progress 77.79%
2026-05-10 14:08:34 (2676204) [INFO]	Progress 77.91%
2026-05-10 14:08:35 (2676204) [INFO]	Progress 78.03%
2026-05-10 14:08:38 (2676204) [INFO]	Progress 78.15%
2026-05-10 14:08:40 (2676204) [INFO]	Progress 78.27%
2026-05-10 14:08:41 (2676204) [INFO]	Progress 78.38%
2026-05-10 14:08:41 (2676204) [INFO]	Progress 78.5%
2026-05-10 14:08:42 (2676204) [INFO]	Progress 78.62%
2026-05-10 14:08:43 (2676204) [INFO]	Progress 78.74%
2026-05-10 14:08:43 (2676204) [INFO]	Progress 78.86%
2026-05-10 14:08:44 (2676204) [INFO]	Progress 78.98%
2026-05-10 14:08:44 (2676204) [INFO]	Progress 79.1%
2026-05-10 14:08:48 (2676204) [INFO]	Progress 79.22%
2026-05-10 14:08:48 (2676204) [INFO]	Progress 79.33%
2026-05-10 14:08:49 (2676204) [INFO]	Progress 79.45%
2026-05-10 14:08:51 (2676204) [INFO]	Progress 79.69%
2026-05-10 14:08:52 (2676204) [INFO]	Progress 79.81%
2026-05-10 14:08:53 (2676204) [INFO]	Progress 79.93%
2026-05-10 14:08:54 (2676204) [INFO]	Progress 80.05%
2026-05-10 14:08:56 (2676204) [INFO]	Progress 80.29%
2026-05-10 14:08:57 (2676204) [INFO]	Progress 80.4%
2026-05-10 14:09:00 (2676204) [INFO]	Progress 80.52%
2026-05-10 14:09:01 (2676204) [INFO]	Progress 80.64%
2026-05-10 14:09:01 (2676204) [INFO]	Progress 80.76%
2026-05-10 14:09:03 (2676204) [INFO]	Progress 80.88%
2026-05-10 14:09:06 (2676204) [INFO]	Progress 81.0%
2026-05-10 14:09:06 (2676204) [INFO]	Progress 81.12%
2026-05-10 14:09:07 (2676204) [INFO]	Progress 81.24%
2026-05-10 14:09:08 (2676204) [INFO]	Progress 81.35%
2026-05-10 14:09:08 (2676204) [INFO]	Progress 81.47%
2026-05-10 14:09:10 (2676204) [INFO]	Progress 81.59%
2026-05-10 14:09:12 (2676204) [INFO]	Progress 81.71%
2026-05-10 14:09:16 (2676204) [INFO]	Progress 81.83%
2026-05-10 14:09:16 (2676204) [INFO]	Progress 81.95%
2026-05-10 14:09:17 (2676204) [INFO]	Progress 82.07%
2026-05-10 14:09:18 (2676204) [INFO]	Progress 82.19%
2026-05-10 14:09:18 (2676204) [INFO]	Progress 82.3%
2026-05-10 14:09:19 (2676204) [INFO]	Progress 82.42%
2026-05-10 14:09:19 (2676204) [INFO]	Progress 82.54%
2026-05-10 14:09:21 (2676204) [INFO]	Progress 82.66%
2026-05-10 14:09:23 (2676204) [INFO]	Progress 82.78%
2026-05-10 14:09:25 (2676204) [INFO]	Progress 82.9%
2026-05-10 14:09:26 (2676204) [INFO]	Progress 83.02%
2026-05-10 14:09:29 (2676204) [INFO]	Progress 83.14%
2026-05-10 14:09:32 (2676204) [INFO]	Progress 83.25%
2026-05-10 14:09:33 (2676204) [INFO]	Progress 83.37%
2026-05-10 14:09:36 (2676204) [INFO]	Progress 83.49%
2026-05-10 14:09:39 (2676204) [INFO]	Progress 83.61%
2026-05-10 14:09:39 (2676204) [INFO]	Progress 83.73%
2026-05-10 14:09:40 (2676204) [INFO]	Progress 83.85%
2026-05-10 14:09:41 (2676204) [INFO]	Progress 83.97%
2026-05-10 14:09:42 (2676204) [INFO]	Progress 84.09%
2026-05-10 14:09:45 (2676204) [INFO]	Progress 84.32%
2026-05-10 14:09:46 (2676204) [INFO]	Progress 84.44%
2026-05-10 14:09:47 (2676204) [INFO]	Progress 84.56%
2026-05-10 14:09:48 (2676204) [INFO]	Progress 84.68%
2026-05-10 14:09:52 (2676204) [INFO]	Progress 84.8%
2026-05-10 14:09:53 (2676204) [INFO]	Progress 84.92%
2026-05-10 14:09:55 (2676204) [INFO]	Progress 85.04%
2026-05-10 14:09:56 (2676204) [INFO]	Progress 85.15%
2026-05-10 14:09:57 (2676204) [INFO]	Progress 85.27%
2026-05-10 14:09:58 (2676204) [INFO]	Progress 85.39%
2026-05-10 14:10:00 (2676204) [INFO]	Progress 85.51%
2026-05-10 14:10:00 (2676204) [INFO]	Progress 85.63%
2026-05-10 14:10:05 (2676204) [INFO]	Progress 85.75%
2026-05-10 14:10:06 (2676204) [INFO]	Progress 85.87%
2026-05-10 14:10:06 (2676204) [INFO]	Progress 85.99%
2026-05-10 14:10:07 (2676204) [INFO]	Progress 86.1%
2026-05-10 14:10:07 (2676204) [INFO]	Progress 86.22%
2026-05-10 14:10:08 (2676204) [INFO]	Progress 86.34%
2026-05-10 14:10:10 (2676204) [INFO]	Progress 86.46%
2026-05-10 14:10:13 (2676204) [INFO]	Progress 86.58%
2026-05-10 14:10:16 (2676204) [INFO]	Progress 86.7%
2026-05-10 14:10:16 (2676204) [INFO]	Progress 86.82%
2026-05-10 14:10:17 (2676204) [INFO]	Progress 86.94%
2026-05-10 14:10:18 (2676204) [INFO]	Progress 87.05%
2026-05-10 14:10:18 (2676204) [INFO]	Progress 87.17%
2026-05-10 14:10:19 (2676204) [INFO]	Progress 87.29%
2026-05-10 14:10:20 (2676204) [INFO]	Progress 87.41%
2026-05-10 14:10:21 (2676204) [INFO]	Progress 87.53%
2026-05-10 14:10:23 (2676204) [INFO]	Progress 87.65%
2026-05-10 14:10:26 (2676204) [INFO]	Progress 87.77%
2026-05-10 14:10:28 (2676204) [INFO]	Progress 87.89%
2026-05-10 14:10:29 (2676204) [INFO]	Progress 88.0%
2026-05-10 14:10:30 (2676204) [INFO]	Progress 88.12%
2026-05-10 14:10:31 (2676204) [INFO]	Progress 88.24%
2026-05-10 14:10:31 (2676204) [INFO]	Progress 88.36%
2026-05-10 14:10:35 (2676204) [INFO]	Progress 88.48%
2026-05-10 14:10:39 (2676204) [INFO]	Progress 88.6%
2026-05-10 14:10:40 (2676204) [INFO]	Progress 88.72%
2026-05-10 14:10:40 (2676204) [INFO]	Progress 88.84%
2026-05-10 14:10:40 (2676204) [INFO]	Progress 88.95%
2026-05-10 14:10:42 (2676204) [INFO]	Progress 89.07%
2026-05-10 14:10:42 (2676204) [INFO]	Progress 89.19%
2026-05-10 14:10:47 (2676204) [INFO]	Progress 89.31%
2026-05-10 14:10:48 (2676204) [INFO]	Progress 89.43%
2026-05-10 14:10:48 (2676204) [INFO]	Progress 89.55%
2026-05-10 14:10:49 (2676204) [INFO]	Progress 89.67%
2026-05-10 14:10:51 (2676204) [INFO]	Progress 89.79%
2026-05-10 14:10:51 (2676204) [INFO]	Progress 89.9%
2026-05-10 14:10:53 (2676204) [INFO]	Progress 90.02%
2026-05-10 14:10:55 (2676204) [INFO]	Progress 90.14%
2026-05-10 14:10:57 (2676204) [INFO]	Progress 90.26%
2026-05-10 14:10:57 (2676204) [INFO]	Progress 90.38%
2026-05-10 14:10:59 (2676204) [INFO]	Progress 90.5%
2026-05-10 14:10:59 (2676204) [INFO]	Progress 90.62%
2026-05-10 14:11:02 (2676204) [INFO]	Progress 90.74%
2026-05-10 14:11:04 (2676204) [INFO]	Progress 90.86%
2026-05-10 14:11:06 (2676204) [INFO]	Progress 90.97%
2026-05-10 14:11:06 (2676204) [INFO]	Progress 91.09%
2026-05-10 14:11:06 (2676204) [INFO]	Progress 91.21%
2026-05-10 14:11:07 (2676204) [INFO]	Progress 91.33%
2026-05-10 14:11:08 (2676204) [INFO]	Progress 91.45%
2026-05-10 14:11:08 (2676204) [INFO]	Progress 91.57%
2026-05-10 14:11:10 (2676204) [INFO]	Progress 91.69%
2026-05-10 14:11:12 (2676204) [INFO]	Progress 91.81%
2026-05-10 14:11:14 (2676204) [INFO]	Progress 91.92%
2026-05-10 14:11:14 (2676204) [INFO]	Progress 92.04%
2026-05-10 14:11:17 (2676204) [INFO]	Progress 92.16%
2026-05-10 14:11:18 (2676204) [INFO]	Progress 92.4%
2026-05-10 14:11:19 (2676204) [INFO]	Progress 92.52%
2026-05-10 14:11:19 (2676204) [INFO]	Progress 92.64%
2026-05-10 14:11:20 (2676204) [INFO]	Progress 92.76%
2026-05-10 14:11:21 (2676204) [INFO]	Progress 92.87%
2026-05-10 14:11:24 (2676204) [INFO]	Progress 92.99%
2026-05-10 14:11:25 (2676204) [INFO]	Progress 93.11%
2026-05-10 14:11:25 (2676204) [INFO]	Progress 93.23%
2026-05-10 14:11:27 (2676204) [INFO]	Progress 93.35%
2026-05-10 14:11:28 (2676204) [INFO]	Progress 93.47%
2026-05-10 14:11:29 (2676204) [INFO]	Progress 93.59%
2026-05-10 14:11:30 (2676204) [INFO]	Progress 93.71%
2026-05-10 14:11:32 (2676204) [INFO]	Progress 93.82%
2026-05-10 14:11:35 (2676204) [INFO]	Progress 93.94%
2026-05-10 14:11:36 (2676204) [INFO]	Progress 94.06%
2026-05-10 14:11:36 (2676204) [INFO]	Progress 94.18%
2026-05-10 14:11:38 (2676204) [INFO]	Progress 94.3%
2026-05-10 14:11:39 (2676204) [INFO]	Progress 94.42%
2026-05-10 14:11:40 (2676204) [INFO]	Progress 94.54%
2026-05-10 14:11:42 (2676204) [INFO]	Progress 94.66%
2026-05-10 14:11:43 (2676204) [INFO]	Progress 94.89%
2026-05-10 14:11:43 (2676204) [INFO]	Progress 95.01%
2026-05-10 14:11:44 (2676204) [INFO]	Progress 95.13%
2026-05-10 14:11:45 (2676204) [INFO]	Progress 95.25%
2026-05-10 14:11:47 (2676204) [INFO]	Progress 95.37%
2026-05-10 14:11:48 (2676204) [INFO]	Progress 95.49%
2026-05-10 14:11:50 (2676204) [INFO]	Progress 95.61%
2026-05-10 14:11:53 (2676204) [INFO]	Progress 95.72%
2026-05-10 14:11:54 (2676204) [INFO]	Progress 95.84%
2026-05-10 14:11:55 (2676204) [INFO]	Progress 95.96%
2026-05-10 14:11:56 (2676204) [INFO]	Progress 96.08%
2026-05-10 14:12:03 (2676204) [INFO]	Progress 96.2%
2026-05-10 14:12:04 (2676204) [INFO]	Progress 96.32%
2026-05-10 14:12:04 (2676204) [INFO]	Progress 96.44%
2026-05-10 14:12:10 (2676204) [INFO]	Progress 96.67%
2026-05-10 14:12:10 (2676204) [INFO]	Progress 96.79%
2026-05-10 14:12:10 (2676204) [INFO]	Progress 96.91%
2026-05-10 14:12:12 (2676204) [INFO]	Progress 97.03%
2026-05-10 14:12:14 (2676204) [INFO]	Progress 97.15%
2026-05-10 14:12:16 (2676204) [INFO]	Progress 97.27%
2026-05-10 14:12:17 (2676204) [INFO]	Progress 97.39%
2026-05-10 14:12:18 (2676204) [INFO]	Progress 97.51%
2026-05-10 14:12:20 (2676204) [INFO]	Progress 97.62%
2026-05-10 14:12:20 (2676204) [INFO]	Progress 97.74%
2026-05-10 14:12:21 (2676204) [INFO]	Progress 97.86%
2026-05-10 14:12:23 (2676204) [INFO]	Progress 97.98%
2026-05-10 14:12:25 (2676204) [INFO]	Progress 98.1%
2026-05-10 14:12:30 (2676204) [INFO]	Progress 98.22%
2026-05-10 14:12:33 (2676204) [INFO]	Progress 98.34%
2026-05-10 14:12:33 (2676204) [INFO]	Progress 98.46%
2026-05-10 14:12:35 (2676204) [INFO]	Progress 98.57%
2026-05-10 14:12:35 (2676204) [INFO]	Progress 98.69%
2026-05-10 14:12:37 (2676204) [INFO]	Progress 98.81%
2026-05-10 14:12:37 (2676204) [INFO]	Progress 98.93%
2026-05-10 14:12:37 (2676204) [INFO]	Progress 99.05%
2026-05-10 14:12:38 (2676204) [INFO]	Progress 99.17%
2026-05-10 14:12:39 (2676204) [INFO]	Progress 99.29%
2026-05-10 14:12:39 (2676204) [INFO]	Progress 99.41%
2026-05-10 14:12:47 (2676204) [INFO]	Progress 99.52%
2026-05-10 14:12:49 (2676204) [INFO]	Progress 99.64%
2026-05-10 14:12:51 (2676204) [INFO]	Progress 99.76%
2026-05-10 14:12:55 (2676204) [INFO]	Progress 99.88%
2026-05-10 14:12:57 (2676204) [INFO]	Progress 100.0%
2026-05-10 14:12:57 (2676204) [INFO]	Progress done!
2026-05-10 14:12:57 (2676204) [INFO]	Concatenating results from subsets

2026-05-10 14:12:59 (2676204) [INFO]	Writing all_bindetect files
2026-05-10 14:12:59 (2676204) [INFO]	Creating BINDetect plot(s)
2026-05-10 14:12:59 (2676204) [INFO]	- KO / WT (static plot)
2026-05-10 14:13:29 (2676204) [INFO]	- KO / WT (interactive plot)

2026-05-10 14:13:29 (2676204) [INFO]	Finished BINDetect run (total time elapsed: 0:19:07.870951)
DONE: BINDetect completed for all four conditions.
